no_of_pc,room size,workstation_type,total price
1,7.9,1,38534
1,7.9,1,37534
1,7.9,1,39738
1,7.9,1,38034
1,7.9,1,37034
1,7.9,1,39238
1,7.9,1,39160
1,7.9,1,38160
1,7.9,1,40364
1,7.9,1,38660
1,7.9,1,37660
1,7.9,1,39864
1,7.9,2,38534
1,7.9,2,37534
1,7.9,2,39738
1,7.9,2,38034
1,7.9,2,37034
1,7.9,2,39238
1,7.9,2,39160
1,7.9,2,38160
1,7.9,2,40364
1,7.9,2,38660
1,7.9,2,37660
1,7.9,2,39864
1,25,0,27144
1,25,0,26144
1,25,0,28348
1,25,0,26644
1,25,0,25644
1,25,0,27848
1,25,0,27770
1,25,0,26770
1,25,0,28974
1,25,0,27270
1,25,0,26270
1,25,0,28474
2,15.7,1,77264.17
2,15.7,1,75264.17
2,15.7,1,79672.17
2,15.7,1,76264.17
2,15.7,1,74264.17
2,15.7,1,78672.17
2,15.7,1,78516.17
2,15.7,1,76516.17
2,15.7,1,80924.17
2,15.7,1,77516.17
2,15.7,1,75516.17
2,15.7,1,79924.17
2,15.7,2,77264.17
2,15.7,2,75264.17
2,15.7,2,79672.17
2,15.7,2,76264.17
2,15.7,2,74264.17
2,15.7,2,78672.17
2,15.7,2,78516.17
2,15.7,2,76516.17
2,15.7,2,80924.17
2,15.7,2,77516.17
2,15.7,2,75516.17
2,15.7,2,79924.17
2,25,0,54484.17
2,25,0,52484.17
2,25,0,56892.17
2,25,0,53484.17
2,25,0,51484.17
2,25,0,55892.17
2,25,0,55736.17
2,25,0,53736.17
2,25,0,58144.17
2,25,0,54736.17
2,25,0,52736.17
2,25,0,57144.17
3,23.6,1,115273.17
3,23.6,1,112273.17
3,23.6,1,118885.17
3,23.6,1,113773.17
3,23.6,1,110773.17
3,23.6,1,117385.17
3,23.6,1,117151.17
3,23.6,1,114151.17
3,23.6,1,120763.17
3,23.6,1,115651.17
3,23.6,1,112651.17
3,23.6,1,119263.17
3,23.6,2,115273.17
3,23.6,2,112273.17
3,23.6,2,118885.17
3,23.6,2,113773.17
3,23.6,2,110773.17
3,23.6,2,117385.17
3,23.6,2,117151.17
3,23.6,2,114151.17
3,23.6,2,120763.17
3,23.6,2,115651.17
3,23.6,2,112651.17
3,23.6,2,119263.17
3,25,0,81103.17
3,25,0,78103.17
3,25,0,84715.17
3,25,0,79603.17
3,25,0,76603.17
3,25,0,83215.17
3,25,0,82981.17
3,25,0,79981.17
3,25,0,86593.17
3,25,0,81481.17
3,25,0,78481.17
3,25,0,85093.17
4,31.4,1,153282.17
4,31.4,1,149282.17
4,31.4,1,158098.17
4,31.4,1,151282.17
4,31.4,1,147282.17
4,31.4,1,156098.17
4,31.4,1,155786.17
4,31.4,1,151786.17
4,31.4,1,160602.17
4,31.4,1,153786.17
4,31.4,1,149786.17
4,31.4,1,158602.17
4,31.4,2,153282.17
4,31.4,2,149282.17
4,31.4,2,158098.17
4,31.4,2,151282.17
4,31.4,2,147282.17
4,31.4,2,156098.17
4,31.4,2,155786.17
4,31.4,2,151786.17
4,31.4,2,160602.17
4,31.4,2,153786.17
4,31.4,2,149786.17
4,31.4,2,158602.17
4,25,0,107722.17
4,25,0,103722.17
4,25,0,112538.17
4,25,0,105722.17
4,25,0,101722.17
4,25,0,110538.17
4,25,0,110226.17
4,25,0,106226.17
4,25,0,115042.17
4,25,0,108226.17
4,25,0,104226.17
4,25,0,113042.17
5,39.3,1,190570
5,39.3,1,185570
5,39.3,1,196590
5,39.3,1,188070
5,39.3,1,183070
5,39.3,1,194090
5,39.3,1,193700
5,39.3,1,188700
5,39.3,1,199720
5,39.3,1,191200
5,39.3,1,186200
5,39.3,1,197220
5,39.3,2,190570
5,39.3,2,185570
5,39.3,2,196590
5,39.3,2,188070
5,39.3,2,183070
5,39.3,2,194090
5,39.3,2,193700
5,39.3,2,188700
5,39.3,2,199720
5,39.3,2,191200
5,39.3,2,186200
5,39.3,2,197220
5,25,0,133620
5,25,0,128620
5,25,0,139640
5,25,0,131120
5,25,0,126120
5,25,0,137140
5,25,0,136750
5,25,0,131750
5,25,0,142770
5,25,0,134250
5,25,0,129250
5,25,0,140270
6,47.1,1,229300.17
6,47.1,1,223300.17
6,47.1,1,236524.17
6,47.1,1,226300.17
6,47.1,1,220300.17
6,47.1,1,233524.17
6,47.1,1,233056.17
6,47.1,1,227056.17
6,47.1,1,240280.17
6,47.1,1,230056.17
6,47.1,1,224056.17
6,47.1,1,237280.17
6,47.1,2,229300.17
6,47.1,2,223300.17
6,47.1,2,236524.17
6,47.1,2,226300.17
6,47.1,2,220300.17
6,47.1,2,233524.17
6,47.1,2,233056.17
6,47.1,2,227056.17
6,47.1,2,240280.17
6,47.1,2,230056.17
6,47.1,2,224056.17
6,47.1,2,237280.17
6,25,0,160960.17
6,25,0,154960.17
6,25,0,168184.17
6,25,0,157960.17
6,25,0,151960.17
6,25,0,165184.17
6,25,0,164716.17
6,25,0,158716.17
6,25,0,171940.17
6,25,0,161716.17
6,25,0,155716.17
6,25,0,168940.17
7,54.9,1,267309.17
7,54.9,1,260309.17
7,54.9,1,275737.17
7,54.9,1,263809.17
7,54.9,1,256809.17
7,54.9,1,272237.17
7,54.9,1,271691.17
7,54.9,1,264691.17
7,54.9,1,280119.17
7,54.9,1,268191.17
7,54.9,1,261191.17
7,54.9,1,276619.17
7,54.9,2,267309.17
7,54.9,2,260309.17
7,54.9,2,275737.17
7,54.9,2,263809.17
7,54.9,2,256809.17
7,54.9,2,272237.17
7,54.9,2,271691.17
7,54.9,2,264691.17
7,54.9,2,280119.17
7,54.9,2,268191.17
7,54.9,2,261191.17
7,54.9,2,276619.17
7,25,0,187579.17
7,25,0,180579.17
7,25,0,196007.17
7,25,0,184079.17
7,25,0,177079.17
7,25,0,192507.17
7,25,0,191961.17
7,25,0,184961.17
7,25,0,200389.17
7,25,0,188461.17
7,25,0,181461.17
7,25,0,196889.17
8,62.8,1,305318.17
8,62.8,1,297318.17
8,62.8,1,314950.17
8,62.8,1,301318.17
8,62.8,1,293318.17
8,62.8,1,310950.17
8,62.8,1,310326.17
8,62.8,1,302326.17
8,62.8,1,319958.17
8,62.8,1,306326.17
8,62.8,1,298326.17
8,62.8,1,315958.17
8,62.8,2,305318.17
8,62.8,2,297318.17
8,62.8,2,314950.17
8,62.8,2,301318.17
8,62.8,2,293318.17
8,62.8,2,310950.17
8,62.8,2,310326.17
8,62.8,2,302326.17
8,62.8,2,319958.17
8,62.8,2,306326.17
8,62.8,2,298326.17
8,62.8,2,315958.17
8,25,0,214198.17
8,25,0,206198.17
8,25,0,223830.17
8,25,0,210198.17
8,25,0,202198.17
8,25,0,219830.17
8,25,0,219206.17
8,25,0,211206.17
8,25,0,228838.17
8,25,0,215206.17
8,25,0,207206.17
8,25,0,224838.17
9,70.6,1,346071
9,70.6,1,337071
9,70.6,1,356907
9,70.6,1,341571
9,70.6,1,332571
9,70.6,1,352407
9,70.6,1,351705
9,70.6,1,342705
9,70.6,1,362541
9,70.6,1,347205
9,70.6,1,338205
9,70.6,1,358041
9,70.6,2,346071
9,70.6,2,337071
9,70.6,2,356907
9,70.6,2,341571
9,70.6,2,332571
9,70.6,2,352407
9,70.6,2,351705
9,70.6,2,342705
9,70.6,2,362541
9,70.6,2,347205
9,70.6,2,338205
9,70.6,2,358041
9,25,0,243561
9,25,0,234561
9,25,0,254397
9,25,0,239061
9,25,0,230061
9,25,0,249897
9,25,0,249195
9,25,0,240195
9,25,0,260031
9,25,0,244695
9,25,0,235695
9,25,0,255531
10,78.5,1,384080
10,78.5,1,374080
10,78.5,1,396120
10,78.5,1,379080
10,78.5,1,369080
10,78.5,1,391120
10,78.5,1,390340
10,78.5,1,380340
10,78.5,1,402380
10,78.5,1,385340
10,78.5,1,375340
10,78.5,1,397380
10,78.5,2,384080
10,78.5,2,374080
10,78.5,2,396120
10,78.5,2,379080
10,78.5,2,369080
10,78.5,2,391120
10,78.5,2,390340
10,78.5,2,380340
10,78.5,2,402380
10,78.5,2,385340
10,78.5,2,375340
10,78.5,2,397380
10,25,0,270180
10,25,0,260180
10,25,0,282220
10,25,0,265180
10,25,0,255180
10,25,0,277220
10,25,0,276440
10,25,0,266440
10,25,0,288480
10,25,0,271440
10,25,0,261440
10,25,0,283480
11,86.3,1,422089
11,86.3,1,411089
11,86.3,1,435333
11,86.3,1,416589
11,86.3,1,405589
11,86.3,1,429833
11,86.3,1,428975
11,86.3,1,417975
11,86.3,1,442219
11,86.3,1,423475
11,86.3,1,412475
11,86.3,1,436719
11,86.3,2,422089
11,86.3,2,411089
11,86.3,2,435333
11,86.3,2,416589
11,86.3,2,405589
11,86.3,2,429833
11,86.3,2,428975
11,86.3,2,417975
11,86.3,2,442219
11,86.3,2,423475
11,86.3,2,412475
11,86.3,2,436719
11,25,0,296799
11,25,0,285799
11,25,0,310043
11,25,0,291299
11,25,0,280299
11,25,0,304543
11,25,0,303685
11,25,0,292685
11,25,0,316929
11,25,0,298185
11,25,0,287185
11,25,0,311429
12,94.2,1,460098
12,94.2,1,448098
12,94.2,1,474546
12,94.2,1,454098
12,94.2,1,442098
12,94.2,1,468546
12,94.2,1,467610
12,94.2,1,455610
12,94.2,1,482058
12,94.2,1,461610
12,94.2,1,449610
12,94.2,1,476058
12,94.2,2,460098
12,94.2,2,448098
12,94.2,2,474546
12,94.2,2,454098
12,94.2,2,442098
12,94.2,2,468546
12,94.2,2,467610
12,94.2,2,455610
12,94.2,2,482058
12,94.2,2,461610
12,94.2,2,449610
12,94.2,2,476058
12,25,0,323418
12,25,0,311418
12,25,0,337866
12,25,0,317418
12,25,0,305418
12,25,0,331866
12,25,0,330930
12,25,0,318930
12,25,0,345378
12,25,0,324930
12,25,0,312930
12,25,0,339378
13,102,1,498107
13,102,1,485107
13,102,1,513759
13,102,1,491607
13,102,1,478607
13,102,1,507259
13,102,1,506245
13,102,1,493245
13,102,1,521897
13,102,1,499745
13,102,1,486745
13,102,1,515397
13,102,2,498107
13,102,2,485107
13,102,2,513759
13,102,2,491607
13,102,2,478607
13,102,2,507259
13,102,2,506245
13,102,2,493245
13,102,2,521897
13,102,2,499745
13,102,2,486745
13,102,2,515397
13,35,0,350037
13,35,0,337037
13,35,0,365689
13,35,0,343537
13,35,0,330537
13,35,0,359189
13,35,0,358175
13,35,0,345175
13,35,0,373827
13,35,0,351675
13,35,0,338675
13,35,0,367327
14,109.8,1,536116
14,109.8,1,522116
14,109.8,1,552972
14,109.8,1,529116
14,109.8,1,515116
14,109.8,1,545972
14,109.8,1,544880
14,109.8,1,530880
14,109.8,1,561736
14,109.8,1,537880
14,109.8,1,523880
14,109.8,1,554736
14,109.8,2,536116
14,109.8,2,522116
14,109.8,2,552972
14,109.8,2,529116
14,109.8,2,515116
14,109.8,2,545972
14,109.8,2,544880
14,109.8,2,530880
14,109.8,2,561736
14,109.8,2,537880
14,109.8,2,523880
14,109.8,2,554736
14,35,0,376656
14,35,0,362656
14,35,0,393512
14,35,0,369656
14,35,0,355656
14,35,0,386512
14,35,0,385420
14,35,0,371420
14,35,0,402276
14,35,0,378420
14,35,0,364420
14,35,0,395276
15,117.7,1,574125
15,117.7,1,559125
15,117.7,1,592185
15,117.7,1,566625
15,117.7,1,551625
15,117.7,1,584685
15,117.7,1,583515
15,117.7,1,568515
15,117.7,1,601575
15,117.7,1,576015
15,117.7,1,561015
15,117.7,1,594075
15,117.7,2,574125
15,117.7,2,559125
15,117.7,2,592185
15,117.7,2,566625
15,117.7,2,551625
15,117.7,2,584685
15,117.7,2,583515
15,117.7,2,568515
15,117.7,2,601575
15,117.7,2,576015
15,117.7,2,561015
15,117.7,2,594075
15,35,0,403275
15,35,0,388275
15,35,0,421335
15,35,0,395775
15,35,0,380775
15,35,0,413835
15,35,0,412665
15,35,0,397665
15,35,0,430725
15,35,0,405165
15,35,0,390165
15,35,0,423225
16,125.5,1,612134
16,125.5,1,596134
16,125.5,1,631398
16,125.5,1,604134
16,125.5,1,588134
16,125.5,1,623398
16,125.5,1,622150
16,125.5,1,606150
16,125.5,1,641414
16,125.5,1,614150
16,125.5,1,598150
16,125.5,1,633414
16,125.5,2,612134
16,125.5,2,596134
16,125.5,2,631398
16,125.5,2,604134
16,125.5,2,588134
16,125.5,2,623398
16,125.5,2,622150
16,125.5,2,606150
16,125.5,2,641414
16,125.5,2,614150
16,125.5,2,598150
16,125.5,2,633414
16,42,0,429894
16,42,0,413894
16,42,0,449158
16,42,0,421894
16,42,0,405894
16,42,0,441158
16,42,0,439910
16,42,0,423910
16,42,0,459174
16,42,0,431910
16,42,0,415910
16,42,0,451174
17,133.4,1,651819.4
17,133.4,1,634819.4
17,133.4,1,672287.4
17,133.4,1,643319.4
17,133.4,1,626319.4
17,133.4,1,663787.4
17,133.4,1,662461.4
17,133.4,1,645461.4
17,133.4,1,682929.4
17,133.4,1,653961.4
17,133.4,1,636961.4
17,133.4,1,674429.4
17,133.4,2,651819.4
17,133.4,2,634819.4
17,133.4,2,672287.4
17,133.4,2,643319.4
17,133.4,2,626319.4
17,133.4,2,663787.4
17,133.4,2,662461.4
17,133.4,2,645461.4
17,133.4,2,682929.4
17,133.4,2,653961.4
17,133.4,2,636961.4
17,133.4,2,674429.4
17,42,0,458189.4
17,42,0,441189.4
17,42,0,478657.4
17,42,0,449689.4
17,42,0,432689.4
17,42,0,470157.4
17,42,0,468831.4
17,42,0,451831.4
17,42,0,489299.4
17,42,0,460331.4
17,42,0,443331.4
17,42,0,480799.4
18,141.2,1,689828.4
18,141.2,1,671828.4
18,141.2,1,711500.4
18,141.2,1,680828.4
18,141.2,1,662828.4
18,141.2,1,702500.4
18,141.2,1,701096.4
18,141.2,1,683096.4
18,141.2,1,722768.4
18,141.2,1,692096.4
18,141.2,1,674096.4
18,141.2,1,713768.4
18,141.2,2,689828.4
18,141.2,2,671828.4
18,141.2,2,711500.4
18,141.2,2,680828.4
18,141.2,2,662828.4
18,141.2,2,702500.4
18,141.2,2,701096.4
18,141.2,2,683096.4
18,141.2,2,722768.4
18,141.2,2,692096.4
18,141.2,2,674096.4
18,141.2,2,713768.4
18,42,0,484808.4
18,42,0,466808.4
18,42,0,506480.4
18,42,0,475808.4
18,42,0,457808.4
18,42,0,497480.4
18,42,0,496076.4
18,42,0,478076.4
18,42,0,517748.4
18,42,0,487076.4
18,42,0,469076.4
18,42,0,508748.4
19,149.1,1,727837.4
19,149.1,1,708837.4
19,149.1,1,750713.4
19,149.1,1,718337.4
19,149.1,1,699337.4
19,149.1,1,741213.4
19,149.1,1,739731.4
19,149.1,1,720731.4
19,149.1,1,762607.4
19,149.1,1,730231.4
19,149.1,1,711231.4
19,149.1,1,753107.4
19,149.1,2,727837.4
19,149.1,2,708837.4
19,149.1,2,750713.4
19,149.1,2,718337.4
19,149.1,2,699337.4
19,149.1,2,741213.4
19,149.1,2,739731.4
19,149.1,2,720731.4
19,149.1,2,762607.4
19,149.1,2,730231.4
19,149.1,2,711231.4
19,149.1,2,753107.4
19,42,0,511427.4
19,42,0,492427.4
19,42,0,534303.4
19,42,0,501927.4
19,42,0,482927.4
19,42,0,524803.4
19,42,0,523321.4
19,42,0,504321.4
19,42,0,546197.4
19,42,0,513821.4
19,42,0,494821.4
19,42,0,536697.4
20,156.9,1,765846.4
20,156.9,1,745846.4
20,156.9,1,789926.4
20,156.9,1,755846.4
20,156.9,1,735846.4
20,156.9,1,779926.4
20,156.9,1,778366.4
20,156.9,1,758366.4
20,156.9,1,802446.4
20,156.9,1,768366.4
20,156.9,1,748366.4
20,156.9,1,792446.4
20,156.9,2,765846.4
20,156.9,2,745846.4
20,156.9,2,789926.4
20,156.9,2,755846.4
20,156.9,2,735846.4
20,156.9,2,779926.4
20,156.9,2,778366.4
20,156.9,2,758366.4
20,156.9,2,802446.4
20,156.9,2,768366.4
20,156.9,2,748366.4
20,156.9,2,792446.4
20,42,0,538046.4
20,42,0,518046.4
20,42,0,562126.4
20,42,0,528046.4
20,42,0,508046.4
20,42,0,552126.4
20,42,0,550566.4
20,42,0,530566.4
20,42,0,574646.4
20,42,0,540566.4
20,42,0,520566.4
20,42,0,564646.4
21,164.7,1,803855.4
21,164.7,1,782855.4
21,164.7,1,829139.4
21,164.7,1,793355.4
21,164.7,1,772355.4
21,164.7,1,818639.4
21,164.7,1,817001.4
21,164.7,1,796001.4
21,164.7,1,842285.4
21,164.7,1,806501.4
21,164.7,1,785501.4
21,164.7,1,831785.4
21,164.7,2,803855.4
21,164.7,2,782855.4
21,164.7,2,829139.4
21,164.7,2,793355.4
21,164.7,2,772355.4
21,164.7,2,818639.4
21,164.7,2,817001.4
21,164.7,2,796001.4
21,164.7,2,842285.4
21,164.7,2,806501.4
21,164.7,2,785501.4
21,164.7,2,831785.4
21,45,0,564665.4
21,45,0,543665.4
21,45,0,589949.4
21,45,0,554165.4
21,45,0,533165.4
21,45,0,579449.4
21,45,0,577811.4
21,45,0,556811.4
21,45,0,603095.4
21,45,0,567311.4
21,45,0,546311.4
21,45,0,592595.4
22,172.6,1,841864.4
22,172.6,1,819864.4
22,172.6,1,868352.4
22,172.6,1,830864.4
22,172.6,1,808864.4
22,172.6,1,857352.4
22,172.6,1,855636.4
22,172.6,1,833636.4
22,172.6,1,882124.4
22,172.6,1,844636.4
22,172.6,1,822636.4
22,172.6,1,871124.4
22,172.6,2,841864.4
22,172.6,2,819864.4
22,172.6,2,868352.4
22,172.6,2,830864.4
22,172.6,2,808864.4
22,172.6,2,857352.4
22,172.6,2,855636.4
22,172.6,2,833636.4
22,172.6,2,882124.4
22,172.6,2,844636.4
22,172.6,2,822636.4
22,172.6,2,871124.4
22,45,0,591284.4
22,45,0,569284.4
22,45,0,617772.4
22,45,0,580284.4
22,45,0,558284.4
22,45,0,606772.4
22,45,0,605056.4
22,45,0,583056.4
22,45,0,631544.4
22,45,0,594056.4
22,45,0,572056.4
22,45,0,620544.4
23,180.4,1,879873.4
23,180.4,1,856873.4
23,180.4,1,907565.4
23,180.4,1,868373.4
23,180.4,1,845373.4
23,180.4,1,896065.4
23,180.4,1,894271.4
23,180.4,1,871271.4
23,180.4,1,921963.4
23,180.4,1,882771.4
23,180.4,1,859771.4
23,180.4,1,910463.4
23,180.4,2,879873.4
23,180.4,2,856873.4
23,180.4,2,907565.4
23,180.4,2,868373.4
23,180.4,2,845373.4
23,180.4,2,896065.4
23,180.4,2,894271.4
23,180.4,2,871271.4
23,180.4,2,921963.4
23,180.4,2,882771.4
23,180.4,2,859771.4
23,180.4,2,910463.4
23,45,0,617903.4
23,45,0,594903.4
23,45,0,645595.4
23,45,0,606403.4
23,45,0,583403.4
23,45,0,634095.4
23,45,0,632301.4
23,45,0,609301.4
23,45,0,659993.4
23,45,0,620801.4
23,45,0,597801.4
23,45,0,648493.4
24,188.3,1,917882.4
24,188.3,1,893882.4
24,188.3,1,946778.4
24,188.3,1,905882.4
24,188.3,1,881882.4
24,188.3,1,934778.4
24,188.3,1,932906.4
24,188.3,1,908906.4
24,188.3,1,961802.4
24,188.3,1,920906.4
24,188.3,1,896906.4
24,188.3,1,949802.4
24,188.3,2,917882.4
24,188.3,2,893882.4
24,188.3,2,946778.4
24,188.3,2,905882.4
24,188.3,2,881882.4
24,188.3,2,934778.4
24,188.3,2,932906.4
24,188.3,2,908906.4
24,188.3,2,961802.4
24,188.3,2,920906.4
24,188.3,2,896906.4
24,188.3,2,949802.4
24,45,0,644522.4
24,45,0,620522.4
24,45,0,673418.4
24,45,0,632522.4
24,45,0,608522.4
24,45,0,661418.4
24,45,0,659546.4
24,45,0,635546.4
24,45,0,688442.4
24,45,0,647546.4
24,45,0,623546.4
24,45,0,676442.4
25,196.1,1,965825
25,196.1,1,940825
25,196.1,1,995925
25,196.1,1,953325
25,196.1,1,928325
25,196.1,1,983425
25,196.1,1,981475
25,196.1,1,956475
25,196.1,1,1011575
25,196.1,1,968975
25,196.1,1,943975
25,196.1,1,999075
25,196.1,2,965825
25,196.1,2,940825
25,196.1,2,995925
25,196.1,2,953325
25,196.1,2,928325
25,196.1,2,983425
25,196.1,2,981475
25,196.1,2,956475
25,196.1,2,1011575
25,196.1,2,968975
25,196.1,2,943975
25,196.1,2,999075
25,45,0,681075
25,45,0,656075
25,45,0,711175
25,45,0,668575
25,45,0,643575
25,45,0,698675
25,45,0,696725
25,45,0,671725
25,45,0,726825
25,45,0,684225
25,45,0,659225
25,45,0,714325
26,203.9,1,1003834
26,203.9,1,977834
26,203.9,1,1035138
26,203.9,1,990834
26,203.9,1,964834
26,203.9,1,1022138
26,203.9,1,1020110
26,203.9,1,994110
26,203.9,1,1051414
26,203.9,1,1007110
26,203.9,1,981110
26,203.9,1,1038414
26,203.9,2,1003834
26,203.9,2,977834
26,203.9,2,1035138
26,203.9,2,990834
26,203.9,2,964834
26,203.9,2,1022138
26,203.9,2,1020110
26,203.9,2,994110
26,203.9,2,1051414
26,203.9,2,1007110
26,203.9,2,981110
26,203.9,2,1038414
26,45,0,707694
26,45,0,681694
26,45,0,738998
26,45,0,694694
26,45,0,668694
26,45,0,725998
26,45,0,723970
26,45,0,697970
26,45,0,755274
26,45,0,710970
26,45,0,684970
26,45,0,742274
27,211.8,1,1041843
27,211.8,1,1014843
27,211.8,1,1074351
27,211.8,1,1028343
27,211.8,1,1001343
27,211.8,1,1060851
27,211.8,1,1058745
27,211.8,1,1031745
27,211.8,1,1091253
27,211.8,1,1045245
27,211.8,1,1018245
27,211.8,1,1077753
27,211.8,2,1041843
27,211.8,2,1014843
27,211.8,2,1074351
27,211.8,2,1028343
27,211.8,2,1001343
27,211.8,2,1060851
27,211.8,2,1058745
27,211.8,2,1031745
27,211.8,2,1091253
27,211.8,2,1045245
27,211.8,2,1018245
27,211.8,2,1077753
27,45,0,734313
27,45,0,707313
27,45,0,766821
27,45,0,720813
27,45,0,693813
27,45,0,753321
27,45,0,751215
27,45,0,724215
27,45,0,783723
27,45,0,737715
27,45,0,710715
27,45,0,770223
28,219.6,1,1079852
28,219.6,1,1051852
28,219.6,1,1113564
28,219.6,1,1065852
28,219.6,1,1037852
28,219.6,1,1099564
28,219.6,1,1097380
28,219.6,1,1069380
28,219.6,1,1131092
28,219.6,1,1083380
28,219.6,1,1055380
28,219.6,1,1117092
28,219.6,2,1079852
28,219.6,2,1051852
28,219.6,2,1113564
28,219.6,2,1065852
28,219.6,2,1037852
28,219.6,2,1099564
28,219.6,2,1097380
28,219.6,2,1069380
28,219.6,2,1131092
28,219.6,2,1083380
28,219.6,2,1055380
28,219.6,2,1117092
28,45,0,760932
28,45,0,732932
28,45,0,794644
28,45,0,746932
28,45,0,718932
28,45,0,780644
28,45,0,778460
28,45,0,750460
28,45,0,812172
28,45,0,764460
28,45,0,736460
28,45,0,798172
29,227.5,1,1116077.63
29,227.5,1,1087077.63
29,227.5,1,1150993.63
29,227.5,1,1101577.63
29,227.5,1,1072577.63
29,227.5,1,1136493.63
29,227.5,1,1134231.63
29,227.5,1,1105231.63
29,227.5,1,1169147.63
29,227.5,1,1119731.63
29,227.5,1,1090731.63
29,227.5,1,1154647.63
29,227.5,2,1116077.63
29,227.5,2,1087077.63
29,227.5,2,1150993.63
29,227.5,2,1101577.63
29,227.5,2,1072577.63
29,227.5,2,1136493.63
29,227.5,2,1134231.63
29,227.5,2,1105231.63
29,227.5,2,1169147.63
29,227.5,2,1119731.63
29,227.5,2,1090731.63
29,227.5,2,1154647.63
29,54,0,785767.63
29,54,0,756767.63
29,54,0,820683.63
29,54,0,771267.63
29,54,0,742267.63
29,54,0,806183.63
29,54,0,803921.63
29,54,0,774921.63
29,54,0,838837.63
29,54,0,789421.63
29,54,0,760421.63
29,54,0,824337.63
30,235.3,1,1154086.63
30,235.3,1,1124086.63
30,235.3,1,1190206.63
30,235.3,1,1139086.63
30,235.3,1,1109086.63
30,235.3,1,1175206.63
30,235.3,1,1172866.63
30,235.3,1,1142866.63
30,235.3,1,1208986.63
30,235.3,1,1157866.63
30,235.3,1,1127866.63
30,235.3,1,1193986.63
30,235.3,2,1154086.63
30,235.3,2,1124086.63
30,235.3,2,1190206.63
30,235.3,2,1139086.63
30,235.3,2,1109086.63
30,235.3,2,1175206.63
30,235.3,2,1172866.63
30,235.3,2,1142866.63
30,235.3,2,1208986.63
30,235.3,2,1157866.63
30,235.3,2,1127866.63
30,235.3,2,1193986.63
30,54,0,812386.63
30,54,0,782386.63
30,54,0,848506.63
30,54,0,797386.63
30,54,0,767386.63
30,54,0,833506.63
30,54,0,831166.63
30,54,0,801166.63
30,54,0,867286.63
30,54,0,816166.63
30,54,0,786166.63
30,54,0,852286.63
31,243.2,1,1192095.63
31,243.2,1,1161095.63
31,243.2,1,1229419.63
31,243.2,1,1176595.63
31,243.2,1,1145595.63
31,243.2,1,1213919.63
31,243.2,1,1211501.63
31,243.2,1,1180501.63
31,243.2,1,1248825.63
31,243.2,1,1196001.63
31,243.2,1,1165001.63
31,243.2,1,1233325.63
31,243.2,2,1192095.63
31,243.2,2,1161095.63
31,243.2,2,1229419.63
31,243.2,2,1176595.63
31,243.2,2,1145595.63
31,243.2,2,1213919.63
31,243.2,2,1211501.63
31,243.2,2,1180501.63
31,243.2,2,1248825.63
31,243.2,2,1196001.63
31,243.2,2,1165001.63
31,243.2,2,1233325.63
31,54,0,839005.63
31,54,0,808005.63
31,54,0,876329.63
31,54,0,823505.63
31,54,0,792505.63
31,54,0,860829.63
31,54,0,858411.63
31,54,0,827411.63
31,54,0,895735.63
31,54,0,842911.63
31,54,0,811911.63
31,54,0,880235.63
32,251,1,1230104.63
32,251,1,1198104.63
32,251,1,1268632.63
32,251,1,1214104.63
32,251,1,1182104.63
32,251,1,1252632.63
32,251,1,1250136.63
32,251,1,1218136.63
32,251,1,1288664.63
32,251,1,1234136.63
32,251,1,1202136.63
32,251,1,1272664.63
32,251,2,1230104.63
32,251,2,1198104.63
32,251,2,1268632.63
32,251,2,1214104.63
32,251,2,1182104.63
32,251,2,1252632.63
32,251,2,1250136.63
32,251,2,1218136.63
32,251,2,1288664.63
32,251,2,1234136.63
32,251,2,1202136.63
32,251,2,1272664.63
32,54,0,865624.63
32,54,0,833624.63
32,54,0,904152.63
32,54,0,849624.63
32,54,0,817624.63
32,54,0,888152.63
32,54,0,885656.63
32,54,0,853656.63
32,54,0,924184.63
32,54,0,869656.63
32,54,0,837656.63
32,54,0,908184.63
33,258.8,1,1268113.63
33,258.8,1,1235113.63
33,258.8,1,1307845.63
33,258.8,1,1251613.63
33,258.8,1,1218613.63
33,258.8,1,1291345.63
33,258.8,1,1288771.63
33,258.8,1,1255771.63
33,258.8,1,1328503.63
33,258.8,1,1272271.63
33,258.8,1,1239271.63
33,258.8,1,1312003.63
33,258.8,2,1268113.63
33,258.8,2,1235113.63
33,258.8,2,1307845.63
33,258.8,2,1251613.63
33,258.8,2,1218613.63
33,258.8,2,1291345.63
33,258.8,2,1288771.63
33,258.8,2,1255771.63
33,258.8,2,1328503.63
33,258.8,2,1272271.63
33,258.8,2,1239271.63
33,258.8,2,1312003.63
33,54,0,892243.63
33,54,0,859243.63
33,54,0,931975.63
33,54,0,875743.63
33,54,0,842743.63
33,54,0,915475.63
33,54,0,912901.63
33,54,0,879901.63
33,54,0,952633.63
33,54,0,896401.63
33,54,0,863401.63
33,54,0,936133.63
34,266.7,1,1306122.63
34,266.7,1,1272122.63
34,266.7,1,1347058.63
34,266.7,1,1289122.63
34,266.7,1,1255122.63
34,266.7,1,1330058.63
34,266.7,1,1327406.63
34,266.7,1,1293406.63
34,266.7,1,1368342.63
34,266.7,1,1310406.63
34,266.7,1,1276406.63
34,266.7,1,1351342.63
34,266.7,2,1306122.63
34,266.7,2,1272122.63
34,266.7,2,1347058.63
34,266.7,2,1289122.63
34,266.7,2,1255122.63
34,266.7,2,1330058.63
34,266.7,2,1327406.63
34,266.7,2,1293406.63
34,266.7,2,1368342.63
34,266.7,2,1310406.63
34,266.7,2,1276406.63
34,266.7,2,1351342.63
34,54,0,918862.63
34,54,0,884862.63
34,54,0,959798.63
34,54,0,901862.63
34,54,0,867862.63
34,54,0,942798.63
34,54,0,940146.63
34,54,0,906146.63
34,54,0,981082.63
34,54,0,923146.63
34,54,0,889146.63
34,54,0,964082.63
35,274.5,1,1344131.63
35,274.5,1,1309131.63
35,274.5,1,1386271.63
35,274.5,1,1326631.63
35,274.5,1,1291631.63
35,274.5,1,1368771.63
35,274.5,1,1366041.63
35,274.5,1,1331041.63
35,274.5,1,1408181.63
35,274.5,1,1348541.63
35,274.5,1,1313541.63
35,274.5,1,1390681.63
35,274.5,2,1344131.63
35,274.5,2,1309131.63
35,274.5,2,1386271.63
35,274.5,2,1326631.63
35,274.5,2,1291631.63
35,274.5,2,1368771.63
35,274.5,2,1366041.63
35,274.5,2,1331041.63
35,274.5,2,1408181.63
35,274.5,2,1348541.63
35,274.5,2,1313541.63
35,274.5,2,1390681.63
35,54,0,945481.63
35,54,0,910481.63
35,54,0,987621.63
35,54,0,927981.63
35,54,0,892981.63
35,54,0,970121.63
35,54,0,967391.63
35,54,0,932391.63
35,54,0,1009531.63
35,54,0,949891.63
35,54,0,914891.63
35,54,0,992031.63
36,282.4,1,1382140.63
36,282.4,1,1346140.63
36,282.4,1,1425484.63
36,282.4,1,1364140.63
36,282.4,1,1328140.63
36,282.4,1,1407484.63
36,282.4,1,1404676.63
36,282.4,1,1368676.63
36,282.4,1,1448020.63
36,282.4,1,1386676.63
36,282.4,1,1350676.63
36,282.4,1,1430020.63
36,282.4,2,1382140.63
36,282.4,2,1346140.63
36,282.4,2,1425484.63
36,282.4,2,1364140.63
36,282.4,2,1328140.63
36,282.4,2,1407484.63
36,282.4,2,1404676.63
36,282.4,2,1368676.63
36,282.4,2,1448020.63
36,282.4,2,1386676.63
36,282.4,2,1350676.63
36,282.4,2,1430020.63
36,63,0,972100.63
36,63,0,936100.63
36,63,0,1015444.63
36,63,0,954100.63
36,63,0,918100.63
36,63,0,997444.63
36,63,0,994636.63
36,63,0,958636.63
36,63,0,1037980.63
36,63,0,976636.63
36,63,0,940636.63
36,63,0,1019980.63
37,290.2,1,1420149.63
37,290.2,1,1383149.63
37,290.2,1,1464697.63
37,290.2,1,1401649.63
37,290.2,1,1364649.63
37,290.2,1,1446197.63
37,290.2,1,1443311.63
37,290.2,1,1406311.63
37,290.2,1,1487859.63
37,290.2,1,1424811.63
37,290.2,1,1387811.63
37,290.2,1,1469359.63
37,290.2,2,1420149.63
37,290.2,2,1383149.63
37,290.2,2,1464697.63
37,290.2,2,1401649.63
37,290.2,2,1364649.63
37,290.2,2,1446197.63
37,290.2,2,1443311.63
37,290.2,2,1406311.63
37,290.2,2,1487859.63
37,290.2,2,1424811.63
37,290.2,2,1387811.63
37,290.2,2,1469359.63
37,63,0,998719.63
37,63,0,961719.63
37,63,0,1043267.63
37,63,0,980219.63
37,63,0,943219.63
37,63,0,1024767.63
37,63,0,1021881.63
37,63,0,984881.63
37,63,0,1066429.63
37,63,0,1003381.63
37,63,0,966381.63
37,63,0,1047929.63
38,298,1,1458158.63
38,298,1,1420158.63
38,298,1,1503910.63
38,298,1,1439158.63
38,298,1,1401158.63
38,298,1,1484910.63
38,298,1,1481946.63
38,298,1,1443946.63
38,298,1,1527698.63
38,298,1,1462946.63
38,298,1,1424946.63
38,298,1,1508698.63
38,298,2,1458158.63
38,298,2,1420158.63
38,298,2,1503910.63
38,298,2,1439158.63
38,298,2,1401158.63
38,298,2,1484910.63
38,298,2,1481946.63
38,298,2,1443946.63
38,298,2,1527698.63
38,298,2,1462946.63
38,298,2,1424946.63
38,298,2,1508698.63
38,63,0,1025338.63
38,63,0,987338.63
38,63,0,1071090.63
38,63,0,1006338.63
38,63,0,968338.63
38,63,0,1052090.63
38,63,0,1049126.63
38,63,0,1011126.63
38,63,0,1094878.63
38,63,0,1030126.63
38,63,0,992126.63
38,63,0,1075878.63
39,306.9,1,1496167.63
39,306.9,1,1457167.63
39,306.9,1,1543123.63
39,306.9,1,1476667.63
39,306.9,1,1437667.63
39,306.9,1,1523623.63
39,306.9,1,1520581.63
39,306.9,1,1481581.63
39,306.9,1,1567537.63
39,306.9,1,1501081.63
39,306.9,1,1462081.63
39,306.9,1,1548037.63
39,306.9,2,1496167.63
39,306.9,2,1457167.63
39,306.9,2,1543123.63
39,306.9,2,1476667.63
39,306.9,2,1437667.63
39,306.9,2,1523623.63
39,306.9,2,1520581.63
39,306.9,2,1481581.63
39,306.9,2,1567537.63
39,306.9,2,1501081.63
39,306.9,2,1462081.63
39,306.9,2,1548037.63
39,63,0,1051957.63
39,63,0,1012957.63
39,63,0,1098913.63
39,63,0,1032457.63
39,63,0,993457.63
39,63,0,1079413.63
39,63,0,1076371.63
39,63,0,1037371.63
39,63,0,1123327.63
39,63,0,1056871.63
39,63,0,1017871.63
39,63,0,1103827.63
40,314.7,1,1534176.63
40,314.7,1,1494176.63
40,314.7,1,1582336.63
40,314.7,1,1514176.63
40,314.7,1,1474176.63
40,314.7,1,1562336.63
40,314.7,1,1559216.63
40,314.7,1,1519216.63
40,314.7,1,1607376.63
40,314.7,1,1539216.63
40,314.7,1,1499216.63
40,314.7,1,1587376.63
40,314.7,2,1534176.63
40,314.7,2,1494176.63
40,314.7,2,1582336.63
40,314.7,2,1514176.63
40,314.7,2,1474176.63
40,314.7,2,1562336.63
40,314.7,2,1559216.63
40,314.7,2,1519216.63
40,314.7,2,1607376.63
40,314.7,2,1539216.63
40,314.7,2,1499216.63
40,314.7,2,1587376.63
40,63,0,1078576.63
40,63,0,1038576.63
40,63,0,1126736.63
40,63,0,1058576.63
40,63,0,1018576.63
40,63,0,1106736.63
40,63,0,1103616.63
40,63,0,1063616.63
40,63,0,1151776.63
40,63,0,1083616.63
40,63,0,1043616.63
40,63,0,1131776.63
41,322.6,1,1572185.63
41,322.6,1,1531185.63
41,322.6,1,1621549.63
41,322.6,1,1551685.63
41,322.6,1,1510685.63
41,322.6,1,1601049.63
41,322.6,1,1597851.63
41,322.6,1,1556851.63
41,322.6,1,1647215.63
41,322.6,1,1577351.63
41,322.6,1,1536351.63
41,322.6,1,1626715.63
41,322.6,2,1572185.63
41,322.6,2,1531185.63
41,322.6,2,1621549.63
41,322.6,2,1551685.63
41,322.6,2,1510685.63
41,322.6,2,1601049.63
41,322.6,2,1597851.63
41,322.6,2,1556851.63
41,322.6,2,1647215.63
41,322.6,2,1577351.63
41,322.6,2,1536351.63
41,322.6,2,1626715.63
41,77,0,1105195.63
41,77,0,1064195.63
41,77,0,1154559.63
41,77,0,1084695.63
41,77,0,1043695.63
41,77,0,1134059.63
41,77,0,1130861.63
41,77,0,1089861.63
41,77,0,1180225.63
41,77,0,1110361.63
41,77,0,1069361.63
41,77,0,1159725.63
42,330.4,1,1610194.63
42,330.4,1,1568194.63
42,330.4,1,1660762.63
42,330.4,1,1589194.63
42,330.4,1,1547194.63
42,330.4,1,1639762.63
42,330.4,1,1636486.63
42,330.4,1,1594486.63
42,330.4,1,1687054.63
42,330.4,1,1615486.63
42,330.4,1,1573486.63
42,330.4,1,1666054.63
42,330.4,2,1610194.63
42,330.4,2,1568194.63
42,330.4,2,1660762.63
42,330.4,2,1589194.63
42,330.4,2,1547194.63
42,330.4,2,1639762.63
42,330.4,2,1636486.63
42,330.4,2,1594486.63
42,330.4,2,1687054.63
42,330.4,2,1615486.63
42,330.4,2,1573486.63
42,330.4,2,1666054.63
42,77,0,1131814.63
42,77,0,1089814.63
42,77,0,1182382.63
42,77,0,1110814.63
42,77,0,1068814.63
42,77,0,1161382.63
42,77,0,1158106.63
42,77,0,1116106.63
42,77,0,1208674.63
42,77,0,1137106.63
42,77,0,1095106.63
42,77,0,1187674.63
43,338.2,1,1648203.63
43,338.2,1,1605203.63
43,338.2,1,1699975.63
43,338.2,1,1626703.63
43,338.2,1,1583703.63
43,338.2,1,1678475.63
43,338.2,1,1675121.63
43,338.2,1,1632121.63
43,338.2,1,1726893.63
43,338.2,1,1653621.63
43,338.2,1,1610621.63
43,338.2,1,1705393.63
43,338.2,2,1648203.63
43,338.2,2,1605203.63
43,338.2,2,1699975.63
43,338.2,2,1626703.63
43,338.2,2,1583703.63
43,338.2,2,1678475.63
43,338.2,2,1675121.63
43,338.2,2,1632121.63
43,338.2,2,1726893.63
43,338.2,2,1653621.63
43,338.2,2,1610621.63
43,338.2,2,1705393.63
43,77,0,1158433.63
43,77,0,1115433.63
43,77,0,1210205.63
43,77,0,1136933.63
43,77,0,1093933.63
43,77,0,1188705.63
43,77,0,1185351.63
43,77,0,1142351.63
43,77,0,1237123.63
43,77,0,1163851.63
43,77,0,1120851.63
43,77,0,1215623.63
44,346.1,1,1686212.63
44,346.1,1,1642212.63
44,346.1,1,1739188.63
44,346.1,1,1664212.63
44,346.1,1,1620212.63
44,346.1,1,1717188.63
44,346.1,1,1713756.63
44,346.1,1,1669756.63
44,346.1,1,1766732.63
44,346.1,1,1691756.63
44,346.1,1,1647756.63
44,346.1,1,1744732.63
44,346.1,2,1686212.63
44,346.1,2,1642212.63
44,346.1,2,1739188.63
44,346.1,2,1664212.63
44,346.1,2,1620212.63
44,346.1,2,1717188.63
44,346.1,2,1713756.63
44,346.1,2,1669756.63
44,346.1,2,1766732.63
44,346.1,2,1691756.63
44,346.1,2,1647756.63
44,346.1,2,1744732.63
44,77,0,1185052.63
44,77,0,1141052.63
44,77,0,1238028.63
44,77,0,1163052.63
44,77,0,1119052.63
44,77,0,1216028.63
44,77,0,1212596.63
44,77,0,1168596.63
44,77,0,1265572.63
44,77,0,1190596.63
44,77,0,1146596.63
44,77,0,1243572.63
45,353.9,1,1724221.63
45,353.9,1,1679221.63
45,353.9,1,1778401.63
45,353.9,1,1701721.63
45,353.9,1,1656721.63
45,353.9,1,1755901.63
45,353.9,1,1752391.63
45,353.9,1,1707391.63
45,353.9,1,1806571.63
45,353.9,1,1729891.63
45,353.9,1,1684891.63
45,353.9,1,1784071.63
45,353.9,2,1724221.63
45,353.9,2,1679221.63
45,353.9,2,1778401.63
45,353.9,2,1701721.63
45,353.9,2,1656721.63
45,353.9,2,1755901.63
45,353.9,2,1752391.63
45,353.9,2,1707391.63
45,353.9,2,1806571.63
45,353.9,2,1729891.63
45,353.9,2,1684891.63
45,353.9,2,1784071.63
45,77,0,1211671.63
45,77,0,1166671.63
45,77,0,1265851.63
45,77,0,1189171.63
45,77,0,1144171.63
45,77,0,1243351.63
45,77,0,1239841.63
45,77,0,1194841.63
45,77,0,1294021.63
45,77,0,1217341.63
45,77,0,1172341.63
45,77,0,1271521.63
46,361.8,1,1762230.63
46,361.8,1,1716230.63
46,361.8,1,1817614.63
46,361.8,1,1739230.63
46,361.8,1,1693230.63
46,361.8,1,1794614.63
46,361.8,1,1791026.63
46,361.8,1,1745026.63
46,361.8,1,1846410.63
46,361.8,1,1768026.63
46,361.8,1,1722026.63
46,361.8,1,1823410.63
46,361.8,2,1762230.63
46,361.8,2,1716230.63
46,361.8,2,1817614.63
46,361.8,2,1739230.63
46,361.8,2,1693230.63
46,361.8,2,1794614.63
46,361.8,2,1791026.63
46,361.8,2,1745026.63
46,361.8,2,1846410.63
46,361.8,2,1768026.63
46,361.8,2,1722026.63
46,361.8,2,1823410.63
46,84,0,1238290.63
46,84,0,1192290.63
46,84,0,1293674.63
46,84,0,1215290.63
46,84,0,1169290.63
46,84,0,1270674.63
46,84,0,1267086.63
46,84,0,1221086.63
46,84,0,1322470.63
46,84,0,1244086.63
46,84,0,1198086.63
46,84,0,1299470.63
47,369.6,1,1800239.63
47,369.6,1,1753239.63
47,369.6,1,1856827.63
47,369.6,1,1776739.63
47,369.6,1,1729739.63
47,369.6,1,1833327.63
47,369.6,1,1829661.63
47,369.6,1,1782661.63
47,369.6,1,1886249.63
47,369.6,1,1806161.63
47,369.6,1,1759161.63
47,369.6,1,1862749.63
47,369.6,2,1800239.63
47,369.6,2,1753239.63
47,369.6,2,1856827.63
47,369.6,2,1776739.63
47,369.6,2,1729739.63
47,369.6,2,1833327.63
47,369.6,2,1829661.63
47,369.6,2,1782661.63
47,369.6,2,1886249.63
47,369.6,2,1806161.63
47,369.6,2,1759161.63
47,369.6,2,1862749.63
47,84,0,1264909.63
47,84,0,1217909.63
47,84,0,1321497.63
47,84,0,1241409.63
47,84,0,1194409.63
47,84,0,1297997.63
47,84,0,1294331.63
47,84,0,1247331.63
47,84,0,1350919.63
47,84,0,1270831.63
47,84,0,1223831.63
47,84,0,1327419.63
48,377.4,1,1838248.63
48,377.4,1,1790248.63
48,377.4,1,1896040.63
48,377.4,1,1814248.63
48,377.4,1,1766248.63
48,377.4,1,1872040.63
48,377.4,1,1868296.63
48,377.4,1,1820296.63
48,377.4,1,1926088.63
48,377.4,1,1844296.63
48,377.4,1,1796296.63
48,377.4,1,1902088.63
48,377.4,2,1838248.63
48,377.4,2,1790248.63
48,377.4,2,1896040.63
48,377.4,2,1814248.63
48,377.4,2,1766248.63
48,377.4,2,1872040.63
48,377.4,2,1868296.63
48,377.4,2,1820296.63
48,377.4,2,1926088.63
48,377.4,2,1844296.63
48,377.4,2,1796296.63
48,377.4,2,1902088.63
48,84,0,1291528.63
48,84,0,1243528.63
48,84,0,1349320.63
48,84,0,1267528.63
48,84,0,1219528.63
48,84,0,1325320.63
48,84,0,1321576.63
48,84,0,1273576.63
48,84,0,1379368.63
48,84,0,1297576.63
48,84,0,1249576.63
48,84,0,1355368.63
49,385.3,1,1876782.63
49,385.3,1,1827782.63
49,385.3,1,1935778.63
49,385.3,1,1852282.63
49,385.3,1,1803282.63
49,385.3,1,1911278.63
49,385.3,1,1907456.63
49,385.3,1,1858456.63
49,385.3,1,1966452.63
49,385.3,1,1882956.63
49,385.3,1,1833956.63
49,385.3,1,1941952.63
49,385.3,2,1876782.63
49,385.3,2,1827782.63
49,385.3,2,1935778.63
49,385.3,2,1852282.63
49,385.3,2,1803282.63
49,385.3,2,1911278.63
49,385.3,2,1907456.63
49,385.3,2,1858456.63
49,385.3,2,1966452.63
49,385.3,2,1882956.63
49,385.3,2,1833956.63
49,385.3,2,1941952.63
49,84,0,1318672.63
49,84,0,1269672.63
49,84,0,1377668.63
49,84,0,1294172.63
49,84,0,1245172.63
49,84,0,1353168.63
49,84,0,1349346.63
49,84,0,1300346.63
49,84,0,1408342.63
49,84,0,1324846.63
49,84,0,1275846.63
49,84,0,1383842.63
50,393.1,1,1914791.63
50,393.1,1,1864791.63
50,393.1,1,1974991.63
50,393.1,1,1889791.63
50,393.1,1,1839791.63
50,393.1,1,1949991.63
50,393.1,1,1946091.63
50,393.1,1,1896091.63
50,393.1,1,2006291.63
50,393.1,1,1921091.63
50,393.1,1,1871091.63
50,393.1,1,1981291.63
50,393.1,2,1914791.63
50,393.1,2,1864791.63
50,393.1,2,1974991.63
50,393.1,2,1889791.63
50,393.1,2,1839791.63
50,393.1,2,1949991.63
50,393.1,2,1946091.63
50,393.1,2,1896091.63
50,393.1,2,2006291.63
50,393.1,2,1921091.63
50,393.1,2,1871091.63
50,393.1,2,1981291.63
50,84,0,1345291.63
50,84,0,1295291.63
50,84,0,1405491.63
50,84,0,1320291.63
50,84,0,1270291.63
50,84,0,1380491.63
50,84,0,1376591.63
50,84,0,1326591.63
50,84,0,1436791.63
50,84,0,1351591.63
50,84,0,1301591.63
50,84,0,1411791.63
51,400.9,1,1952800.63
51,400.9,1,1901800.63
51,400.9,1,2014204.63
51,400.9,1,1927300.63
51,400.9,1,1876300.63
51,400.9,1,1988704.63
51,400.9,1,1984726.63
51,400.9,1,1933726.63
51,400.9,1,2046130.63
51,400.9,1,1959226.63
51,400.9,1,1908226.63
51,400.9,1,2020630.63
51,400.9,2,1952800.63
51,400.9,2,1901800.63
51,400.9,2,2014204.63
51,400.9,2,1927300.63
51,400.9,2,1876300.63
51,400.9,2,1988704.63
51,400.9,2,1984726.63
51,400.9,2,1933726.63
51,400.9,2,2046130.63
51,400.9,2,1959226.63
51,400.9,2,1908226.63
51,400.9,2,2020630.63
51,90,0,1371910.63
51,90,0,1320910.63
51,90,0,1433314.63
51,90,0,1346410.63
51,90,0,1295410.63
51,90,0,1407814.63
51,90,0,1403836.63
51,90,0,1352836.63
51,90,0,1465240.63
51,90,0,1378336.63
51,90,0,1327336.63
51,90,0,1439740.63
52,408.8,1,1990809.63
52,408.8,1,1938809.63
52,408.8,1,2053417.63
52,408.8,1,1964809.63
52,408.8,1,1912809.63
52,408.8,1,2027417.63
52,408.8,1,2023361.63
52,408.8,1,1971361.63
52,408.8,1,2085969.63
52,408.8,1,1997361.63
52,408.8,1,1945361.63
52,408.8,1,2059969.63
52,408.8,2,1990809.63
52,408.8,2,1938809.63
52,408.8,2,2053417.63
52,408.8,2,1964809.63
52,408.8,2,1912809.63
52,408.8,2,2027417.63
52,408.8,2,2023361.63
52,408.8,2,1971361.63
52,408.8,2,2085969.63
52,408.8,2,1997361.63
52,408.8,2,1945361.63
52,408.8,2,2059969.63
52,90,0,1398529.63
52,90,0,1346529.63
52,90,0,1461137.63
52,90,0,1372529.63
52,90,0,1320529.63
52,90,0,1435137.63
52,90,0,1431081.63
52,90,0,1379081.63
52,90,0,1493689.63
52,90,0,1405081.63
52,90,0,1353081.63
52,90,0,1467689.63
53,416.6,1,2028818.63
53,416.6,1,1975818.63
53,416.6,1,2092630.63
53,416.6,1,2002318.63
53,416.6,1,1949318.63
53,416.6,1,2066130.63
53,416.6,1,2061996.63
53,416.6,1,2008996.63
53,416.6,1,2125808.63
53,416.6,1,2035496.63
53,416.6,1,1982496.63
53,416.6,1,2099308.63
53,416.6,2,2028818.63
53,416.6,2,1975818.63
53,416.6,2,2092630.63
53,416.6,2,2002318.63
53,416.6,2,1949318.63
53,416.6,2,2066130.63
53,416.6,2,2061996.63
53,416.6,2,2008996.63
53,416.6,2,2125808.63
53,416.6,2,2035496.63
53,416.6,2,1982496.63
53,416.6,2,2099308.63
53,90,0,1425148.63
53,90,0,1372148.63
53,90,0,1488960.63
53,90,0,1398648.63
53,90,0,1345648.63
53,90,0,1462460.63
53,90,0,1458326.63
53,90,0,1405326.63
53,90,0,1522138.63
53,90,0,1431826.63
53,90,0,1378826.63
53,90,0,1495638.63
54,424.5,1,2067548.8
54,424.5,1,2013548.8
54,424.5,1,2132564.8
54,424.5,1,2040548.8
54,424.5,1,1986548.8
54,424.5,1,2105564.8
54,424.5,1,2101352.8
54,424.5,1,2047352.8
54,424.5,1,2166368.8
54,424.5,1,2074352.8
54,424.5,1,2020352.8
54,424.5,1,2139368.8
54,424.5,2,2067548.8
54,424.5,2,2013548.8
54,424.5,2,2132564.8
54,424.5,2,2040548.8
54,424.5,2,1986548.8
54,424.5,2,2105564.8
54,424.5,2,2101352.8
54,424.5,2,2047352.8
54,424.5,2,2166368.8
54,424.5,2,2074352.8
54,424.5,2,2020352.8
54,424.5,2,2139368.8
54,90,0,1452488.8
54,90,0,1398488.8
54,90,0,1517504.8
54,90,0,1425488.8
54,90,0,1371488.8
54,90,0,1490504.8
54,90,0,1486292.8
54,90,0,1432292.8
54,90,0,1551308.8
54,90,0,1459292.8
54,90,0,1405292.8
54,90,0,1524308.8
55,432.3,1,2105557.8
55,432.3,1,2050557.8
55,432.3,1,2171777.8
55,432.3,1,2078057.8
55,432.3,1,2023057.8
55,432.3,1,2144277.8
55,432.3,1,2139987.8
55,432.3,1,2084987.8
55,432.3,1,2206207.8
55,432.3,1,2112487.8
55,432.3,1,2057487.8
55,432.3,1,2178707.8
55,432.3,2,2105557.8
55,432.3,2,2050557.8
55,432.3,2,2171777.8
55,432.3,2,2078057.8
55,432.3,2,2023057.8
55,432.3,2,2144277.8
55,432.3,2,2139987.8
55,432.3,2,2084987.8
55,432.3,2,2206207.8
55,432.3,2,2112487.8
55,432.3,2,2057487.8
55,432.3,2,2178707.8
55,90,0,1479107.8
55,90,0,1424107.8
55,90,0,1545327.8
55,90,0,1451607.8
55,90,0,1396607.8
55,90,0,1517827.8
55,90,0,1513537.8
55,90,0,1458537.8
55,90,0,1579757.8
55,90,0,1486037.8
55,90,0,1431037.8
55,90,0,1552257.8
56,440.1,1,2143566.8
56,440.1,1,2087566.8
56,440.1,1,2210990.8
56,440.1,1,2115566.8
56,440.1,1,2059566.8
56,440.1,1,2182990.8
56,440.1,1,2178622.8
56,440.1,1,2122622.8
56,440.1,1,2246046.8
56,440.1,1,2150622.8
56,440.1,1,2094622.8
56,440.1,1,2218046.8
56,440.1,2,2143566.8
56,440.1,2,2087566.8
56,440.1,2,2210990.8
56,440.1,2,2115566.8
56,440.1,2,2059566.8
56,440.1,2,2182990.8
56,440.1,2,2178622.8
56,440.1,2,2122622.8
56,440.1,2,2246046.8
56,440.1,2,2150622.8
56,440.1,2,2094622.8
56,440.1,2,2218046.8
56,90,0,1505726.8
56,90,0,1449726.8
56,90,0,1573150.8
56,90,0,1477726.8
56,90,0,1421726.8
56,90,0,1545150.8
56,90,0,1540782.8
56,90,0,1484782.8
56,90,0,1608206.8
56,90,0,1512782.8
56,90,0,1456782.8
56,90,0,1580206.8
57,448,1,2184319.63
57,448,1,2127319.63
57,448,1,2252947.63
57,448,1,2155819.63
57,448,1,2098819.63
57,448,1,2224447.63
57,448,1,2220001.63
57,448,1,2163001.63
57,448,1,2288629.63
57,448,1,2191501.63
57,448,1,2134501.63
57,448,1,2260129.63
57,448,2,2184319.63
57,448,2,2127319.63
57,448,2,2252947.63
57,448,2,2155819.63
57,448,2,2098819.63
57,448,2,2224447.63
57,448,2,2220001.63
57,448,2,2163001.63
57,448,2,2288629.63
57,448,2,2191501.63
57,448,2,2134501.63
57,448,2,2260129.63
57,100,0,1535089.63
57,100,0,1478089.63
57,100,0,1603717.63
57,100,0,1506589.63
57,100,0,1449589.63
57,100,0,1575217.63
57,100,0,1570771.63
57,100,0,1513771.63
57,100,0,1639399.63
57,100,0,1542271.63
57,100,0,1485271.63
57,100,0,1610899.63
58,455.8,1,2222328.63
58,455.8,1,2164328.63
58,455.8,1,2292160.63
58,455.8,1,2193328.63
58,455.8,1,2135328.63
58,455.8,1,2263160.63
58,455.8,1,2258636.63
58,455.8,1,2200636.63
58,455.8,1,2328468.63
58,455.8,1,2229636.63
58,455.8,1,2171636.63
58,455.8,1,2299468.63
58,455.8,2,2222328.63
58,455.8,2,2164328.63
58,455.8,2,2292160.63
58,455.8,2,2193328.63
58,455.8,2,2135328.63
58,455.8,2,2263160.63
58,455.8,2,2258636.63
58,455.8,2,2200636.63
58,455.8,2,2328468.63
58,455.8,2,2229636.63
58,455.8,2,2171636.63
58,455.8,2,2299468.63
58,100,0,1561708.63
58,100,0,1503708.63
58,100,0,1631540.63
58,100,0,1532708.63
58,100,0,1474708.63
58,100,0,1602540.63
58,100,0,1598016.63
58,100,0,1540016.63
58,100,0,1667848.63
58,100,0,1569016.63
58,100,0,1511016.63
58,100,0,1638848.63
59,463.7,1,2260337.63
59,463.7,1,2201337.63
59,463.7,1,2331373.63
59,463.7,1,2230837.63
59,463.7,1,2171837.63
59,463.7,1,2301873.63
59,463.7,1,2297271.63
59,463.7,1,2238271.63
59,463.7,1,2368307.63
59,463.7,1,2267771.63
59,463.7,1,2208771.63
59,463.7,1,2338807.63
59,463.7,2,2260337.63
59,463.7,2,2201337.63
59,463.7,2,2331373.63
59,463.7,2,2230837.63
59,463.7,2,2171837.63
59,463.7,2,2301873.63
59,463.7,2,2297271.63
59,463.7,2,2238271.63
59,463.7,2,2368307.63
59,463.7,2,2267771.63
59,463.7,2,2208771.63
59,463.7,2,2338807.63
59,100,0,1588327.63
59,100,0,1529327.63
59,100,0,1659363.63
59,100,0,1558827.63
59,100,0,1499827.63
59,100,0,1629863.63
59,100,0,1625261.63
59,100,0,1566261.63
59,100,0,1696297.63
59,100,0,1595761.63
59,100,0,1536761.63
59,100,0,1666797.63
60,471.5,1,2298346.63
60,471.5,1,2238346.63
60,471.5,1,2370586.63
60,471.5,1,2268346.63
60,471.5,1,2208346.63
60,471.5,1,2340586.63
60,471.5,1,2335906.63
60,471.5,1,2275906.63
60,471.5,1,2408146.63
60,471.5,1,2305906.63
60,471.5,1,2245906.63
60,471.5,1,2378146.63
60,471.5,2,2298346.63
60,471.5,2,2238346.63
60,471.5,2,2370586.63
60,471.5,2,2268346.63
60,471.5,2,2208346.63
60,471.5,2,2340586.63
60,471.5,2,2335906.63
60,471.5,2,2275906.63
60,471.5,2,2408146.63
60,471.5,2,2305906.63
60,471.5,2,2245906.63
60,471.5,2,2378146.63
60,100,0,1614946.63
60,100,0,1554946.63
60,100,0,1687186.63
60,100,0,1584946.63
60,100,0,1524946.63
60,100,0,1657186.63
60,100,0,1652506.63
60,100,0,1592506.63
60,100,0,1724746.63
60,100,0,1622506.63
60,100,0,1562506.63
60,100,0,1694746.63
61,479.3,1,2336355.63
61,479.3,1,2275355.63
61,479.3,1,2409799.63
61,479.3,1,2305855.63
61,479.3,1,2244855.63
61,479.3,1,2379299.63
61,479.3,1,2374541.63
61,479.3,1,2313541.63
61,479.3,1,2447985.63
61,479.3,1,2344041.63
61,479.3,1,2283041.63
61,479.3,1,2417485.63
61,479.3,2,2336355.63
61,479.3,2,2275355.63
61,479.3,2,2409799.63
61,479.3,2,2305855.63
61,479.3,2,2244855.63
61,479.3,2,2379299.63
61,479.3,2,2374541.63
61,479.3,2,2313541.63
61,479.3,2,2447985.63
61,479.3,2,2344041.63
61,479.3,2,2283041.63
61,479.3,2,2417485.63
61,108,0,1641565.63
61,108,0,1580565.63
61,108,0,1715009.63
61,108,0,1611065.63
61,108,0,1550065.63
61,108,0,1684509.63
61,108,0,1679751.63
61,108,0,1618751.63
61,108,0,1753195.63
61,108,0,1649251.63
61,108,0,1588251.63
61,108,0,1722695.63
62,487.2,1,2374364.63
62,487.2,1,2312364.63
62,487.2,1,2449012.63
62,487.2,1,2343364.63
62,487.2,1,2281364.63
62,487.2,1,2418012.63
62,487.2,1,2413176.63
62,487.2,1,2351176.63
62,487.2,1,2487824.63
62,487.2,1,2382176.63
62,487.2,1,2320176.63
62,487.2,1,2456824.63
62,487.2,2,2374364.63
62,487.2,2,2312364.63
62,487.2,2,2449012.63
62,487.2,2,2343364.63
62,487.2,2,2281364.63
62,487.2,2,2418012.63
62,487.2,2,2413176.63
62,487.2,2,2351176.63
62,487.2,2,2487824.63
62,487.2,2,2382176.63
62,487.2,2,2320176.63
62,487.2,2,2456824.63
62,108,0,1668184.63
62,108,0,1606184.63
62,108,0,1742832.63
62,108,0,1637184.63
62,108,0,1575184.63
62,108,0,1711832.63
62,108,0,1706996.63
62,108,0,1644996.63
62,108,0,1781644.63
62,108,0,1675996.63
62,108,0,1613996.63
62,108,0,1750644.63
63,495,1,2412373.63
63,495,1,2349373.63
63,495,1,2488225.63
63,495,1,2380873.63
63,495,1,2317873.63
63,495,1,2456725.63
63,495,1,2451811.63
63,495,1,2388811.63
63,495,1,2527663.63
63,495,1,2420311.63
63,495,1,2357311.63
63,495,1,2496163.63
63,495,2,2412373.63
63,495,2,2349373.63
63,495,2,2488225.63
63,495,2,2380873.63
63,495,2,2317873.63
63,495,2,2456725.63
63,495,2,2451811.63
63,495,2,2388811.63
63,495,2,2527663.63
63,495,2,2420311.63
63,495,2,2357311.63
63,495,2,2496163.63
63,108,0,1694803.63
63,108,0,1631803.63
63,108,0,1770655.63
63,108,0,1663303.63
63,108,0,1600303.63
63,108,0,1739155.63
63,108,0,1734241.63
63,108,0,1671241.63
63,108,0,1810093.63
63,108,0,1702741.63
63,108,0,1639741.63
63,108,0,1778593.63
64,502.9,1,2450382.63
64,502.9,1,2386382.63
64,502.9,1,2527438.63
64,502.9,1,2418382.63
64,502.9,1,2354382.63
64,502.9,1,2495438.63
64,502.9,1,2490446.63
64,502.9,1,2426446.63
64,502.9,1,2567502.63
64,502.9,1,2458446.63
64,502.9,1,2394446.63
64,502.9,1,2535502.63
64,502.9,2,2450382.63
64,502.9,2,2386382.63
64,502.9,2,2527438.63
64,502.9,2,2418382.63
64,502.9,2,2354382.63
64,502.9,2,2495438.63
64,502.9,2,2490446.63
64,502.9,2,2426446.63
64,502.9,2,2567502.63
64,502.9,2,2458446.63
64,502.9,2,2394446.63
64,502.9,2,2535502.63
64,108,0,1721422.63
64,108,0,1657422.63
64,108,0,1798478.63
64,108,0,1689422.63
64,108,0,1625422.63
64,108,0,1766478.63
64,108,0,1761486.63
64,108,0,1697486.63
64,108,0,1838542.63
64,108,0,1729486.63
64,108,0,1665486.63
64,108,0,1806542.63
65,510.7,1,2490068.03
65,510.7,1,2425068.03
65,510.7,1,2568328.03
65,510.7,1,2457568.03
65,510.7,1,2392568.03
65,510.7,1,2535828.03
65,510.7,1,2530758.03
65,510.7,1,2465758.03
65,510.7,1,2609018.03
65,510.7,1,2498258.03
65,510.7,1,2433258.03
65,510.7,1,2576518.03
65,510.7,2,2490068.03
65,510.7,2,2425068.03
65,510.7,2,2568328.03
65,510.7,2,2457568.03
65,510.7,2,2392568.03
65,510.7,2,2535828.03
65,510.7,2,2530758.03
65,510.7,2,2465758.03
65,510.7,2,2609018.03
65,510.7,2,2498258.03
65,510.7,2,2433258.03
65,510.7,2,2576518.03
65,108,0,1749718.03
65,108,0,1684718.03
65,108,0,1827978.03
65,108,0,1717218.03
65,108,0,1652218.03
65,108,0,1795478.03
65,108,0,1790408.03
65,108,0,1725408.03
65,108,0,1868668.03
65,108,0,1757908.03
65,108,0,1692908.03
65,108,0,1836168.03
66,518.6,1,2528077.03
66,518.6,1,2462077.03
66,518.6,1,2607541.03
66,518.6,1,2495077.03
66,518.6,1,2429077.03
66,518.6,1,2574541.03
66,518.6,1,2569393.03
66,518.6,1,2503393.03
66,518.6,1,2648857.03
66,518.6,1,2536393.03
66,518.6,1,2470393.03
66,518.6,1,2615857.03
66,518.6,2,2528077.03
66,518.6,2,2462077.03
66,518.6,2,2607541.03
66,518.6,2,2495077.03
66,518.6,2,2429077.03
66,518.6,2,2574541.03
66,518.6,2,2569393.03
66,518.6,2,2503393.03
66,518.6,2,2648857.03
66,518.6,2,2536393.03
66,518.6,2,2470393.03
66,518.6,2,2615857.03
66,110,0,1776337.03
66,110,0,1710337.03
66,110,0,1855801.03
66,110,0,1743337.03
66,110,0,1677337.03
66,110,0,1822801.03
66,110,0,1817653.03
66,110,0,1751653.03
66,110,0,1897117.03
66,110,0,1784653.03
66,110,0,1718653.03
66,110,0,1864117.03
67,526.4,1,2566086.03
67,526.4,1,2499086.03
67,526.4,1,2646754.03
67,526.4,1,2532586.03
67,526.4,1,2465586.03
67,526.4,1,2613254.03
67,526.4,1,2608028.03
67,526.4,1,2541028.03
67,526.4,1,2688696.03
67,526.4,1,2574528.03
67,526.4,1,2507528.03
67,526.4,1,2655196.03
67,526.4,2,2566086.03
67,526.4,2,2499086.03
67,526.4,2,2646754.03
67,526.4,2,2532586.03
67,526.4,2,2465586.03
67,526.4,2,2613254.03
67,526.4,2,2608028.03
67,526.4,2,2541028.03
67,526.4,2,2688696.03
67,526.4,2,2574528.03
67,526.4,2,2507528.03
67,526.4,2,2655196.03
67,110,0,1802956.03
67,110,0,1735956.03
67,110,0,1883624.03
67,110,0,1769456.03
67,110,0,1702456.03
67,110,0,1850124.03
67,110,0,1844898.03
67,110,0,1777898.03
67,110,0,1925566.03
67,110,0,1811398.03
67,110,0,1744398.03
67,110,0,1892066.03
68,534.2,1,2604095.03
68,534.2,1,2536095.03
68,534.2,1,2685967.03
68,534.2,1,2570095.03
68,534.2,1,2502095.03
68,534.2,1,2651967.03
68,534.2,1,2646663.03
68,534.2,1,2578663.03
68,534.2,1,2728535.03
68,534.2,1,2612663.03
68,534.2,1,2544663.03
68,534.2,1,2694535.03
68,534.2,2,2604095.03
68,534.2,2,2536095.03
68,534.2,2,2685967.03
68,534.2,2,2570095.03
68,534.2,2,2502095.03
68,534.2,2,2651967.03
68,534.2,2,2646663.03
68,534.2,2,2578663.03
68,534.2,2,2728535.03
68,534.2,2,2612663.03
68,534.2,2,2544663.03
68,534.2,2,2694535.03
68,110,0,1829575.03
68,110,0,1761575.03
68,110,0,1911447.03
68,110,0,1795575.03
68,110,0,1727575.03
68,110,0,1877447.03
68,110,0,1872143.03
68,110,0,1804143.03
68,110,0,1954015.03
68,110,0,1838143.03
68,110,0,1770143.03
68,110,0,1920015.03
69,542.1,1,2642104.03
69,542.1,1,2573104.03
69,542.1,1,2725180.03
69,542.1,1,2607604.03
69,542.1,1,2538604.03
69,542.1,1,2690680.03
69,542.1,1,2685298.03
69,542.1,1,2616298.03
69,542.1,1,2768374.03
69,542.1,1,2650798.03
69,542.1,1,2581798.03
69,542.1,1,2733874.03
69,542.1,2,2642104.03
69,542.1,2,2573104.03
69,542.1,2,2725180.03
69,542.1,2,2607604.03
69,542.1,2,2538604.03
69,542.1,2,2690680.03
69,542.1,2,2685298.03
69,542.1,2,2616298.03
69,542.1,2,2768374.03
69,542.1,2,2650798.03
69,542.1,2,2581798.03
69,542.1,2,2733874.03
69,110,0,1856194.03
69,110,0,1787194.03
69,110,0,1939270.03
69,110,0,1821694.03
69,110,0,1752694.03
69,110,0,1904770.03
69,110,0,1899388.03
69,110,0,1830388.03
69,110,0,1982464.03
69,110,0,1864888.03
69,110,0,1795888.03
69,110,0,1947964.03
70,549.9,1,2680113.03
70,549.9,1,2610113.03
70,549.9,1,2764393.03
70,549.9,1,2645113.03
70,549.9,1,2575113.03
70,549.9,1,2729393.03
70,549.9,1,2723933.03
70,549.9,1,2653933.03
70,549.9,1,2808213.03
70,549.9,1,2688933.03
70,549.9,1,2618933.03
70,549.9,1,2773213.03
70,549.9,2,2680113.03
70,549.9,2,2610113.03
70,549.9,2,2764393.03
70,549.9,2,2645113.03
70,549.9,2,2575113.03
70,549.9,2,2729393.03
70,549.9,2,2723933.03
70,549.9,2,2653933.03
70,549.9,2,2808213.03
70,549.9,2,2688933.03
70,549.9,2,2618933.03
70,549.9,2,2773213.03
70,110,0,1882813.03
70,110,0,1812813.03
70,110,0,1967093.03
70,110,0,1847813.03
70,110,0,1777813.03
70,110,0,1932093.03
70,110,0,1926633.03
70,110,0,1856633.03
70,110,0,2010913.03
70,110,0,1891633.03
70,110,0,1821633.03
70,110,0,1975913.03
71,557.8,1,2718122.03
71,557.8,1,2647122.03
71,557.8,1,2803606.03
71,557.8,1,2682622.03
71,557.8,1,2611622.03
71,557.8,1,2768106.03
71,557.8,1,2762568.03
71,557.8,1,2691568.03
71,557.8,1,2848052.03
71,557.8,1,2727068.03
71,557.8,1,2656068.03
71,557.8,1,2812552.03
71,557.8,2,2718122.03
71,557.8,2,2647122.03
71,557.8,2,2803606.03
71,557.8,2,2682622.03
71,557.8,2,2611622.03
71,557.8,2,2768106.03
71,557.8,2,2762568.03
71,557.8,2,2691568.03
71,557.8,2,2848052.03
71,557.8,2,2727068.03
71,557.8,2,2656068.03
71,557.8,2,2812552.03
71,117,0,1909432.03
71,117,0,1838432.03
71,117,0,1994916.03
71,117,0,1873932.03
71,117,0,1802932.03
71,117,0,1959416.03
71,117,0,1953878.03
71,117,0,1882878.03
71,117,0,2039362.03
71,117,0,1918378.03
71,117,0,1847378.03
71,117,0,2003862.03
72,565.6,1,2756131.03
72,565.6,1,2684131.03
72,565.6,1,2842819.03
72,565.6,1,2720131.03
72,565.6,1,2648131.03
72,565.6,1,2806819.03
72,565.6,1,2801203.03
72,565.6,1,2729203.03
72,565.6,1,2887891.03
72,565.6,1,2765203.03
72,565.6,1,2693203.03
72,565.6,1,2851891.03
72,565.6,2,2756131.03
72,565.6,2,2684131.03
72,565.6,2,2842819.03
72,565.6,2,2720131.03
72,565.6,2,2648131.03
72,565.6,2,2806819.03
72,565.6,2,2801203.03
72,565.6,2,2729203.03
72,565.6,2,2887891.03
72,565.6,2,2765203.03
72,565.6,2,2693203.03
72,565.6,2,2851891.03
72,117,0,1936051.03
72,117,0,1864051.03
72,117,0,2022739.03
72,117,0,1900051.03
72,117,0,1828051.03
72,117,0,1986739.03
72,117,0,1981123.03
72,117,0,1909123.03
72,117,0,2067811.03
72,117,0,1945123.03
72,117,0,1873123.03
72,117,0,2031811.03
73,573.4,1,2802290.26
73,573.4,1,2729290.26
73,573.4,1,2890182.26
73,573.4,1,2765790.26
73,573.4,1,2692790.26
73,573.4,1,2853682.26
73,573.4,1,2847988.26
73,573.4,1,2774988.26
73,573.4,1,2935880.26
73,573.4,1,2811488.26
73,573.4,1,2738488.26
73,573.4,1,2899380.26
73,573.4,2,2802290.26
73,573.4,2,2729290.26
73,573.4,2,2890182.26
73,573.4,2,2765790.26
73,573.4,2,2692790.26
73,573.4,2,2853682.26
73,573.4,2,2847988.26
73,573.4,2,2774988.26
73,573.4,2,2935880.26
73,573.4,2,2811488.26
73,573.4,2,2738488.26
73,573.4,2,2899380.26
73,117,0,1970820.26
73,117,0,1897820.26
73,117,0,2058712.26
73,117,0,1934320.26
73,117,0,1861320.26
73,117,0,2022212.26
73,117,0,2016518.26
73,117,0,1943518.26
73,117,0,2104410.26
73,117,0,1980018.26
73,117,0,1907018.26
73,117,0,2067910.26
74,581.3,1,2840299.26
74,581.3,1,2766299.26
74,581.3,1,2929395.26
74,581.3,1,2803299.26
74,581.3,1,2729299.26
74,581.3,1,2892395.26
74,581.3,1,2886623.26
74,581.3,1,2812623.26
74,581.3,1,2975719.26
74,581.3,1,2849623.26
74,581.3,1,2775623.26
74,581.3,1,2938719.26
74,581.3,2,2840299.26
74,581.3,2,2766299.26
74,581.3,2,2929395.26
74,581.3,2,2803299.26
74,581.3,2,2729299.26
74,581.3,2,2892395.26
74,581.3,2,2886623.26
74,581.3,2,2812623.26
74,581.3,2,2975719.26
74,581.3,2,2849623.26
74,581.3,2,2775623.26
74,581.3,2,2938719.26
74,117,0,1997439.26
74,117,0,1923439.26
74,117,0,2086535.26
74,117,0,1960439.26
74,117,0,1886439.26
74,117,0,2049535.26
74,117,0,2043763.26
74,117,0,1969763.26
74,117,0,2132859.26
74,117,0,2006763.26
74,117,0,1932763.26
74,117,0,2095859.26
75,589.1,1,2878308.26
75,589.1,1,2803308.26
75,589.1,1,2968608.26
75,589.1,1,2840808.26
75,589.1,1,2765808.26
75,589.1,1,2931108.26
75,589.1,1,2925258.26
75,589.1,1,2850258.26
75,589.1,1,3015558.26
75,589.1,1,2887758.26
75,589.1,1,2812758.26
75,589.1,1,2978058.26
75,589.1,2,2878308.26
75,589.1,2,2803308.26
75,589.1,2,2968608.26
75,589.1,2,2840808.26
75,589.1,2,2765808.26
75,589.1,2,2931108.26
75,589.1,2,2925258.26
75,589.1,2,2850258.26
75,589.1,2,3015558.26
75,589.1,2,2887758.26
75,589.1,2,2812758.26
75,589.1,2,2978058.26
75,117,0,2024058.26
75,117,0,1949058.26
75,117,0,2114358.26
75,117,0,1986558.26
75,117,0,1911558.26
75,117,0,2076858.26
75,117,0,2071008.26
75,117,0,1996008.26
75,117,0,2161308.26
75,117,0,2033508.26
75,117,0,1958508.26
75,117,0,2123808.26
76,596.9,1,2916317.26
76,596.9,1,2840317.26
76,596.9,1,3007821.26
76,596.9,1,2878317.26
76,596.9,1,2802317.26
76,596.9,1,2969821.26
76,596.9,1,2963893.26
76,596.9,1,2887893.26
76,596.9,1,3055397.26
76,596.9,1,2925893.26
76,596.9,1,2849893.26
76,596.9,1,3017397.26
76,596.9,2,2916317.26
76,596.9,2,2840317.26
76,596.9,2,3007821.26
76,596.9,2,2878317.26
76,596.9,2,2802317.26
76,596.9,2,2969821.26
76,596.9,2,2963893.26
76,596.9,2,2887893.26
76,596.9,2,3055397.26
76,596.9,2,2925893.26
76,596.9,2,2849893.26
76,596.9,2,3017397.26
76,120,0,2050677.26
76,120,0,1974677.26
76,120,0,2142181.26
76,120,0,2012677.26
76,120,0,1936677.26
76,120,0,2104181.26
76,120,0,2098253.26
76,120,0,2022253.26
76,120,0,2189757.26
76,120,0,2060253.26
76,120,0,1984253.26
76,120,0,2151757.26
77,604.8,1,2954326.26
77,604.8,1,2877326.26
77,604.8,1,3047034.26
77,604.8,1,2915826.26
77,604.8,1,2838826.26
77,604.8,1,3008534.26
77,604.8,1,3002528.26
77,604.8,1,2925528.26
77,604.8,1,3095236.26
77,604.8,1,2964028.26
77,604.8,1,2887028.26
77,604.8,1,3056736.26
77,604.8,2,2954326.26
77,604.8,2,2877326.26
77,604.8,2,3047034.26
77,604.8,2,2915826.26
77,604.8,2,2838826.26
77,604.8,2,3008534.26
77,604.8,2,3002528.26
77,604.8,2,2925528.26
77,604.8,2,3095236.26
77,604.8,2,2964028.26
77,604.8,2,2887028.26
77,604.8,2,3056736.26
77,120,0,2077296.26
77,120,0,2000296.26
77,120,0,2170004.26
77,120,0,2038796.26
77,120,0,1961796.26
77,120,0,2131504.26
77,120,0,2125498.26
77,120,0,2048498.26
77,120,0,2218206.26
77,120,0,2086998.26
77,120,0,2009998.26
77,120,0,2179706.26
78,612.6,1,2992335.26
78,612.6,1,2914335.26
78,612.6,1,3086247.26
78,612.6,1,2953335.26
78,612.6,1,2875335.26
78,612.6,1,3047247.26
78,612.6,1,3041163.26
78,612.6,1,2963163.26
78,612.6,1,3135075.26
78,612.6,1,3002163.26
78,612.6,1,2924163.26
78,612.6,1,3096075.26
78,612.6,2,2992335.26
78,612.6,2,2914335.26
78,612.6,2,3086247.26
78,612.6,2,2953335.26
78,612.6,2,2875335.26
78,612.6,2,3047247.26
78,612.6,2,3041163.26
78,612.6,2,2963163.26
78,612.6,2,3135075.26
78,612.6,2,3002163.26
78,612.6,2,2924163.26
78,612.6,2,3096075.26
78,120,0,2103915.26
78,120,0,2025915.26
78,120,0,2197827.26
78,120,0,2064915.26
78,120,0,1986915.26
78,120,0,2158827.26
78,120,0,2152743.26
78,120,0,2074743.26
78,120,0,2246655.26
78,120,0,2113743.26
78,120,0,2035743.26
78,120,0,2207655.26
79,620.5,1,3030344.26
79,620.5,1,2951344.26
79,620.5,1,3125460.26
79,620.5,1,2990844.26
79,620.5,1,2911844.26
79,620.5,1,3085960.26
79,620.5,1,3079798.26
79,620.5,1,3000798.26
79,620.5,1,3174914.26
79,620.5,1,3040298.26
79,620.5,1,2961298.26
79,620.5,1,3135414.26
79,620.5,2,3030344.26
79,620.5,2,2951344.26
79,620.5,2,3125460.26
79,620.5,2,2990844.26
79,620.5,2,2911844.26
79,620.5,2,3085960.26
79,620.5,2,3079798.26
79,620.5,2,3000798.26
79,620.5,2,3174914.26
79,620.5,2,3040298.26
79,620.5,2,2961298.26
79,620.5,2,3135414.26
79,120,0,2130534.26
79,120,0,2051534.26
79,120,0,2225650.26
79,120,0,2091034.26
79,120,0,2012034.26
79,120,0,2186150.26
79,120,0,2179988.26
79,120,0,2100988.26
79,120,0,2275104.26
79,120,0,2140488.26
79,120,0,2061488.26
79,120,0,2235604.26
80,628.3,1,3068353.26
80,628.3,1,2988353.26
80,628.3,1,3164673.26
80,628.3,1,3028353.26
80,628.3,1,2948353.26
80,628.3,1,3124673.26
80,628.3,1,3118433.26
80,628.3,1,3038433.26
80,628.3,1,3214753.26
80,628.3,1,3078433.26
80,628.3,1,2998433.26
80,628.3,1,3174753.26
80,628.3,2,3068353.26
80,628.3,2,2988353.26
80,628.3,2,3164673.26
80,628.3,2,3028353.26
80,628.3,2,2948353.26
80,628.3,2,3124673.26
80,628.3,2,3118433.26
80,628.3,2,3038433.26
80,628.3,2,3214753.26
80,628.3,2,3078433.26
80,628.3,2,2998433.26
80,628.3,2,3174753.26
80,120,0,2157153.26
80,120,0,2077153.26
80,120,0,2253473.26
80,120,0,2117153.26
80,120,0,2037153.26
80,120,0,2213473.26
80,120,0,2207233.26
80,120,0,2127233.26
80,120,0,2303553.26
80,120,0,2167233.26
80,120,0,2087233.26
80,120,0,2263553.26
81,636.1,1,3106362.26
81,636.1,1,3025362.26
81,636.1,1,3203886.26
81,636.1,1,3065862.26
81,636.1,1,2984862.26
81,636.1,1,3163386.26
81,636.1,1,3157068.26
81,636.1,1,3076068.26
81,636.1,1,3254592.26
81,636.1,1,3116568.26
81,636.1,1,3035568.26
81,636.1,1,3214092.26
81,636.1,2,3106362.26
81,636.1,2,3025362.26
81,636.1,2,3203886.26
81,636.1,2,3065862.26
81,636.1,2,2984862.26
81,636.1,2,3163386.26
81,636.1,2,3157068.26
81,636.1,2,3076068.26
81,636.1,2,3254592.26
81,636.1,2,3116568.26
81,636.1,2,3035568.26
81,636.1,2,3214092.26
81,130,0,2183772.26
81,130,0,2102772.26
81,130,0,2281296.26
81,130,0,2143272.26
81,130,0,2062272.26
81,130,0,2240796.26
81,130,0,2234478.26
81,130,0,2153478.26
81,130,0,2332002.26
81,130,0,2193978.26
81,130,0,2112978.26
81,130,0,2291502.26
82,644,1,3144371.26
82,644,1,3062371.26
82,644,1,3243099.26
82,644,1,3103371.26
82,644,1,3021371.26
82,644,1,3202099.26
82,644,1,3195703.26
82,644,1,3113703.26
82,644,1,3294431.26
82,644,1,3154703.26
82,644,1,3072703.26
82,644,1,3253431.26
82,644,2,3144371.26
82,644,2,3062371.26
82,644,2,3243099.26
82,644,2,3103371.26
82,644,2,3021371.26
82,644,2,3202099.26
82,644,2,3195703.26
82,644,2,3113703.26
82,644,2,3294431.26
82,644,2,3154703.26
82,644,2,3072703.26
82,644,2,3253431.26
82,130,0,2210391.26
82,130,0,2128391.26
82,130,0,2309119.26
82,130,0,2169391.26
82,130,0,2087391.26
82,130,0,2268119.26
82,130,0,2261723.26
82,130,0,2179723.26
82,130,0,2360451.26
82,130,0,2220723.26
82,130,0,2138723.26
82,130,0,2319451.26
83,651.8,1,3182380.26
83,651.8,1,3099380.26
83,651.8,1,3282312.26
83,651.8,1,3140880.26
83,651.8,1,3057880.26
83,651.8,1,3240812.26
83,651.8,1,3234338.26
83,651.8,1,3151338.26
83,651.8,1,3334270.26
83,651.8,1,3192838.26
83,651.8,1,3109838.26
83,651.8,1,3292770.26
83,651.8,2,3182380.26
83,651.8,2,3099380.26
83,651.8,2,3282312.26
83,651.8,2,3140880.26
83,651.8,2,3057880.26
83,651.8,2,3240812.26
83,651.8,2,3234338.26
83,651.8,2,3151338.26
83,651.8,2,3334270.26
83,651.8,2,3192838.26
83,651.8,2,3109838.26
83,651.8,2,3292770.26
83,130,0,2237010.26
83,130,0,2154010.26
83,130,0,2336942.26
83,130,0,2195510.26
83,130,0,2112510.26
83,130,0,2295442.26
83,130,0,2288968.26
83,130,0,2205968.26
83,130,0,2388900.26
83,130,0,2247468.26
83,130,0,2164468.26
83,130,0,2347400.26
84,659.7,1,3220389.26
84,659.7,1,3136389.26
84,659.7,1,3321525.26
84,659.7,1,3178389.26
84,659.7,1,3094389.26
84,659.7,1,3279525.26
84,659.7,1,3272973.26
84,659.7,1,3188973.26
84,659.7,1,3374109.26
84,659.7,1,3230973.26
84,659.7,1,3146973.26
84,659.7,1,3332109.26
84,659.7,2,3220389.26
84,659.7,2,3136389.26
84,659.7,2,3321525.26
84,659.7,2,3178389.26
84,659.7,2,3094389.26
84,659.7,2,3279525.26
84,659.7,2,3272973.26
84,659.7,2,3188973.26
84,659.7,2,3374109.26
84,659.7,2,3230973.26
84,659.7,2,3146973.26
84,659.7,2,3332109.26
84,130,0,2263629.26
84,130,0,2179629.26
84,130,0,2364765.26
84,130,0,2221629.26
84,130,0,2137629.26
84,130,0,2322765.26
84,130,0,2316213.26
84,130,0,2232213.26
84,130,0,2417349.26
84,130,0,2274213.26
84,130,0,2190213.26
84,130,0,2375349.26
85,667.5,1,3258398.26
85,667.5,1,3173398.26
85,667.5,1,3360738.26
85,667.5,1,3215898.26
85,667.5,1,3130898.26
85,667.5,1,3318238.26
85,667.5,1,3311608.26
85,667.5,1,3226608.26
85,667.5,1,3413948.26
85,667.5,1,3269108.26
85,667.5,1,3184108.26
85,667.5,1,3371448.26
85,667.5,2,3258398.26
85,667.5,2,3173398.26
85,667.5,2,3360738.26
85,667.5,2,3215898.26
85,667.5,2,3130898.26
85,667.5,2,3318238.26
85,667.5,2,3311608.26
85,667.5,2,3226608.26
85,667.5,2,3413948.26
85,667.5,2,3269108.26
85,667.5,2,3184108.26
85,667.5,2,3371448.26
85,130,0,2290248.26
85,130,0,2205248.26
85,130,0,2392588.26
85,130,0,2247748.26
85,130,0,2162748.26
85,130,0,2350088.26
85,130,0,2343458.26
85,130,0,2258458.26
85,130,0,2445798.26
85,130,0,2300958.26
85,130,0,2215958.26
85,130,0,2403298.26
86,675.3,1,3296407.26
86,675.3,1,3210407.26
86,675.3,1,3399951.26
86,675.3,1,3253407.26
86,675.3,1,3167407.26
86,675.3,1,3356951.26
86,675.3,1,3350243.26
86,675.3,1,3264243.26
86,675.3,1,3453787.26
86,675.3,1,3307243.26
86,675.3,1,3221243.26
86,675.3,1,3410787.26
86,675.3,2,3296407.26
86,675.3,2,3210407.26
86,675.3,2,3399951.26
86,675.3,2,3253407.26
86,675.3,2,3167407.26
86,675.3,2,3356951.26
86,675.3,2,3350243.26
86,675.3,2,3264243.26
86,675.3,2,3453787.26
86,675.3,2,3307243.26
86,675.3,2,3221243.26
86,675.3,2,3410787.26
86,140,0,2316867.26
86,140,0,2230867.26
86,140,0,2420411.26
86,140,0,2273867.26
86,140,0,2187867.26
86,140,0,2377411.26
86,140,0,2370703.26
86,140,0,2284703.26
86,140,0,2474247.26
86,140,0,2327703.26
86,140,0,2241703.26
86,140,0,2431247.26
87,683.2,1,3334416.26
87,683.2,1,3247416.26
87,683.2,1,3439164.26
87,683.2,1,3290916.26
87,683.2,1,3203916.26
87,683.2,1,3395664.26
87,683.2,1,3388878.26
87,683.2,1,3301878.26
87,683.2,1,3493626.26
87,683.2,1,3345378.26
87,683.2,1,3258378.26
87,683.2,1,3450126.26
87,683.2,2,3334416.26
87,683.2,2,3247416.26
87,683.2,2,3439164.26
87,683.2,2,3290916.26
87,683.2,2,3203916.26
87,683.2,2,3395664.26
87,683.2,2,3388878.26
87,683.2,2,3301878.26
87,683.2,2,3493626.26
87,683.2,2,3345378.26
87,683.2,2,3258378.26
87,683.2,2,3450126.26
87,140,0,2343486.26
87,140,0,2256486.26
87,140,0,2448234.26
87,140,0,2299986.26
87,140,0,2212986.26
87,140,0,2404734.26
87,140,0,2397948.26
87,140,0,2310948.26
87,140,0,2502696.26
87,140,0,2354448.26
87,140,0,2267448.26
87,140,0,2459196.26
88,691,1,3372425.26
88,691,1,3284425.26
88,691,1,3478377.26
88,691,1,3328425.26
88,691,1,3240425.26
88,691,1,3434377.26
88,691,1,3427513.26
88,691,1,3339513.26
88,691,1,3533465.26
88,691,1,3383513.26
88,691,1,3295513.26
88,691,1,3489465.26
88,691,2,3372425.26
88,691,2,3284425.26
88,691,2,3478377.26
88,691,2,3328425.26
88,691,2,3240425.26
88,691,2,3434377.26
88,691,2,3427513.26
88,691,2,3339513.26
88,691,2,3533465.26
88,691,2,3383513.26
88,691,2,3295513.26
88,691,2,3489465.26
88,140,0,2370105.26
88,140,0,2282105.26
88,140,0,2476057.26
88,140,0,2326105.26
88,140,0,2238105.26
88,140,0,2432057.26
88,140,0,2425193.26
88,140,0,2337193.26
88,140,0,2531145.26
88,140,0,2381193.26
88,140,0,2293193.26
88,140,0,2487145.26
89,698.9,1,3410434.26
89,698.9,1,3321434.26
89,698.9,1,3517590.26
89,698.9,1,3365934.26
89,698.9,1,3276934.26
89,698.9,1,3473090.26
89,698.9,1,3466148.26
89,698.9,1,3377148.26
89,698.9,1,3573304.26
89,698.9,1,3421648.26
89,698.9,1,3332648.26
89,698.9,1,3528804.26
89,698.9,2,3410434.26
89,698.9,2,3321434.26
89,698.9,2,3517590.26
89,698.9,2,3365934.26
89,698.9,2,3276934.26
89,698.9,2,3473090.26
89,698.9,2,3466148.26
89,698.9,2,3377148.26
89,698.9,2,3573304.26
89,698.9,2,3421648.26
89,698.9,2,3332648.26
89,698.9,2,3528804.26
89,140,0,2396724.26
89,140,0,2307724.26
89,140,0,2503880.26
89,140,0,2352224.26
89,140,0,2263224.26
89,140,0,2459380.26
89,140,0,2452438.26
89,140,0,2363438.26
89,140,0,2559594.26
89,140,0,2407938.26
89,140,0,2318938.26
89,140,0,2515094.26
90,706.7,1,3448443.26
90,706.7,1,3358443.26
90,706.7,1,3556803.26
90,706.7,1,3403443.26
90,706.7,1,3313443.26
90,706.7,1,3511803.26
90,706.7,1,3504783.26
90,706.7,1,3414783.26
90,706.7,1,3613143.26
90,706.7,1,3459783.26
90,706.7,1,3369783.26
90,706.7,1,3568143.26
90,706.7,2,3448443.26
90,706.7,2,3358443.26
90,706.7,2,3556803.26
90,706.7,2,3403443.26
90,706.7,2,3313443.26
90,706.7,2,3511803.26
90,706.7,2,3504783.26
90,706.7,2,3414783.26
90,706.7,2,3613143.26
90,706.7,2,3459783.26
90,706.7,2,3369783.26
90,706.7,2,3568143.26
90,140,0,2423343.26
90,140,0,2333343.26
90,140,0,2531703.26
90,140,0,2378343.26
90,140,0,2288343.26
90,140,0,2486703.26
90,140,0,2479683.26
90,140,0,2389683.26
90,140,0,2588043.26
90,140,0,2434683.26
90,140,0,2344683.26
90,140,0,2543043.26
91,714.5,1,3486452.26
91,714.5,1,3395452.26
91,714.5,1,3596016.26
91,714.5,1,3440952.26
91,714.5,1,3349952.26
91,714.5,1,3550516.26
91,714.5,1,3543418.26
91,714.5,1,3452418.26
91,714.5,1,3652982.26
91,714.5,1,3497918.26
91,714.5,1,3406918.26
91,714.5,1,3607482.26
91,714.5,2,3486452.26
91,714.5,2,3395452.26
91,714.5,2,3596016.26
91,714.5,2,3440952.26
91,714.5,2,3349952.26
91,714.5,2,3550516.26
91,714.5,2,3543418.26
91,714.5,2,3452418.26
91,714.5,2,3652982.26
91,714.5,2,3497918.26
91,714.5,2,3406918.26
91,714.5,2,3607482.26
91,140,0,2449962.26
91,140,0,2358962.26
91,140,0,2559526.26
91,140,0,2404462.26
91,140,0,2313462.26
91,140,0,2514026.26
91,140,0,2506928.26
91,140,0,2415928.26
91,140,0,2616492.26
91,140,0,2461428.26
91,140,0,2370428.26
91,140,0,2570992.26
92,722.4,1,3524461.26
92,722.4,1,3432461.26
92,722.4,1,3635229.26
92,722.4,1,3478461.26
92,722.4,1,3386461.26
92,722.4,1,3589229.26
92,722.4,1,3582053.26
92,722.4,1,3490053.26
92,722.4,1,3692821.26
92,722.4,1,3536053.26
92,722.4,1,3444053.26
92,722.4,1,3646821.26
92,722.4,2,3524461.26
92,722.4,2,3432461.26
92,722.4,2,3635229.26
92,722.4,2,3478461.26
92,722.4,2,3386461.26
92,722.4,2,3589229.26
92,722.4,2,3582053.26
92,722.4,2,3490053.26
92,722.4,2,3692821.26
92,722.4,2,3536053.26
92,722.4,2,3444053.26
92,722.4,2,3646821.26
92,140,0,2476581.26
92,140,0,2384581.26
92,140,0,2587349.26
92,140,0,2430581.26
92,140,0,2338581.26
92,140,0,2541349.26
92,140,0,2534173.26
92,140,0,2442173.26
92,140,0,2644941.26
92,140,0,2488173.26
92,140,0,2396173.26
92,140,0,2598941.26
93,730.2,1,3562470.26
93,730.2,1,3469470.26
93,730.2,1,3674442.26
93,730.2,1,3515970.26
93,730.2,1,3422970.26
93,730.2,1,3627942.26
93,730.2,1,3620688.26
93,730.2,1,3527688.26
93,730.2,1,3732660.26
93,730.2,1,3574188.26
93,730.2,1,3481188.26
93,730.2,1,3686160.26
93,730.2,2,3562470.26
93,730.2,2,3469470.26
93,730.2,2,3674442.26
93,730.2,2,3515970.26
93,730.2,2,3422970.26
93,730.2,2,3627942.26
93,730.2,2,3620688.26
93,730.2,2,3527688.26
93,730.2,2,3732660.26
93,730.2,2,3574188.26
93,730.2,2,3481188.26
93,730.2,2,3686160.26
93,140,0,2503200.26
93,140,0,2410200.26
93,140,0,2615172.26
93,140,0,2456700.26
93,140,0,2363700.26
93,140,0,2568672.26
93,140,0,2561418.26
93,140,0,2468418.26
93,140,0,2673390.26
93,140,0,2514918.26
93,140,0,2421918.26
93,140,0,2626890.26
94,738.1,1,3600479.26
94,738.1,1,3506479.26
94,738.1,1,3713655.26
94,738.1,1,3553479.26
94,738.1,1,3459479.26
94,738.1,1,3666655.26
94,738.1,1,3659323.26
94,738.1,1,3565323.26
94,738.1,1,3772499.26
94,738.1,1,3612323.26
94,738.1,1,3518323.26
94,738.1,1,3725499.26
94,738.1,2,3600479.26
94,738.1,2,3506479.26
94,738.1,2,3713655.26
94,738.1,2,3553479.26
94,738.1,2,3459479.26
94,738.1,2,3666655.26
94,738.1,2,3659323.26
94,738.1,2,3565323.26
94,738.1,2,3772499.26
94,738.1,2,3612323.26
94,738.1,2,3518323.26
94,738.1,2,3725499.26
94,140,0,2529819.26
94,140,0,2435819.26
94,140,0,2642995.26
94,140,0,2482819.26
94,140,0,2388819.26
94,140,0,2595995.26
94,140,0,2588663.26
94,140,0,2494663.26
94,140,0,2701839.26
94,140,0,2541663.26
94,140,0,2447663.26
94,140,0,2654839.26
95,745.9,1,3638488.26
95,745.9,1,3543488.26
95,745.9,1,3752868.26
95,745.9,1,3590988.26
95,745.9,1,3495988.26
95,745.9,1,3705368.26
95,745.9,1,3697958.26
95,745.9,1,3602958.26
95,745.9,1,3812338.26
95,745.9,1,3650458.26
95,745.9,1,3555458.26
95,745.9,1,3764838.26
95,745.9,2,3638488.26
95,745.9,2,3543488.26
95,745.9,2,3752868.26
95,745.9,2,3590988.26
95,745.9,2,3495988.26
95,745.9,2,3705368.26
95,745.9,2,3697958.26
95,745.9,2,3602958.26
95,745.9,2,3812338.26
95,745.9,2,3650458.26
95,745.9,2,3555458.26
95,745.9,2,3764838.26
95,140,0,2556438.26
95,140,0,2461438.26
95,140,0,2670818.26
95,140,0,2508938.26
95,140,0,2413938.26
95,140,0,2623318.26
95,140,0,2615908.26
95,140,0,2520908.26
95,140,0,2730288.26
95,140,0,2568408.26
95,140,0,2473408.26
95,140,0,2682788.26
96,753.7,1,3676497.26
96,753.7,1,3580497.26
96,753.7,1,3792081.26
96,753.7,1,3628497.26
96,753.7,1,3532497.26
96,753.7,1,3744081.26
96,753.7,1,3736593.26
96,753.7,1,3640593.26
96,753.7,1,3852177.26
96,753.7,1,3688593.26
96,753.7,1,3592593.26
96,753.7,1,3804177.26
96,753.7,2,3676497.26
96,753.7,2,3580497.26
96,753.7,2,3792081.26
96,753.7,2,3628497.26
96,753.7,2,3532497.26
96,753.7,2,3744081.26
96,753.7,2,3736593.26
96,753.7,2,3640593.26
96,753.7,2,3852177.26
96,753.7,2,3688593.26
96,753.7,2,3592593.26
96,753.7,2,3804177.26
96,140,0,2583057.26
96,140,0,2487057.26
96,140,0,2698641.26
96,140,0,2535057.26
96,140,0,2439057.26
96,140,0,2650641.26
96,140,0,2643153.26
96,140,0,2547153.26
96,140,0,2758737.26
96,140,0,2595153.26
96,140,0,2499153.26
96,140,0,2710737.26
97,761.6,1,3715031.26
97,761.6,1,3618031.26
97,761.6,1,3831819.26
97,761.6,1,3666531.26
97,761.6,1,3569531.26
97,761.6,1,3783319.26
97,761.6,1,3775753.26
97,761.6,1,3678753.26
97,761.6,1,3892541.26
97,761.6,1,3727253.26
97,761.6,1,3630253.26
97,761.6,1,3844041.26
97,761.6,2,3715031.26
97,761.6,2,3618031.26
97,761.6,2,3831819.26
97,761.6,2,3666531.26
97,761.6,2,3569531.26
97,761.6,2,3783319.26
97,761.6,2,3775753.26
97,761.6,2,3678753.26
97,761.6,2,3892541.26
97,761.6,2,3727253.26
97,761.6,2,3630253.26
97,761.6,2,3844041.26
97,144,0,2610201.26
97,144,0,2513201.26
97,144,0,2726989.26
97,144,0,2561701.26
97,144,0,2464701.26
97,144,0,2678489.26
97,144,0,2670923.26
97,144,0,2573923.26
97,144,0,2787711.26
97,144,0,2622423.26
97,144,0,2525423.26
97,144,0,2739211.26
98,769.4,1,3753040.26
98,769.4,1,3655040.26
98,769.4,1,3871032.26
98,769.4,1,3704040.26
98,769.4,1,3606040.26
98,769.4,1,3822032.26
98,769.4,1,3814388.26
98,769.4,1,3716388.26
98,769.4,1,3932380.26
98,769.4,1,3765388.26
98,769.4,1,3667388.26
98,769.4,1,3883380.26
98,769.4,2,3753040.26
98,769.4,2,3655040.26
98,769.4,2,3871032.26
98,769.4,2,3704040.26
98,769.4,2,3606040.26
98,769.4,2,3822032.26
98,769.4,2,3814388.26
98,769.4,2,3716388.26
98,769.4,2,3932380.26
98,769.4,2,3765388.26
98,769.4,2,3667388.26
98,769.4,2,3883380.26
98,144,0,2636820.26
98,144,0,2538820.26
98,144,0,2754812.26
98,144,0,2587820.26
98,144,0,2489820.26
98,144,0,2705812.26
98,144,0,2698168.26
98,144,0,2600168.26
98,144,0,2816160.26
98,144,0,2649168.26
98,144,0,2551168.26
98,144,0,2767160.26
99,777.3,1,3791049.26
99,777.3,1,3692049.26
99,777.3,1,3910245.26
99,777.3,1,3741549.26
99,777.3,1,3642549.26
99,777.3,1,3860745.26
99,777.3,1,3853023.26
99,777.3,1,3754023.26
99,777.3,1,3972219.26
99,777.3,1,3803523.26
99,777.3,1,3704523.26
99,777.3,1,3922719.26
99,777.3,2,3791049.26
99,777.3,2,3692049.26
99,777.3,2,3910245.26
99,777.3,2,3741549.26
99,777.3,2,3642549.26
99,777.3,2,3860745.26
99,777.3,2,3853023.26
99,777.3,2,3754023.26
99,777.3,2,3972219.26
99,777.3,2,3803523.26
99,777.3,2,3704523.26
99,777.3,2,3922719.26
99,144,0,2663439.26
99,144,0,2564439.26
99,144,0,2782635.26
99,144,0,2613939.26
99,144,0,2514939.26
99,144,0,2733135.26
99,144,0,2725413.26
99,144,0,2626413.26
99,144,0,2844609.26
99,144,0,2675913.26
99,144,0,2576913.26
99,144,0,2795109.26
100,785.1,1,3829058.26
100,785.1,1,3729058.26
100,785.1,1,3949458.26
100,785.1,1,3779058.26
100,785.1,1,3679058.26
100,785.1,1,3899458.26
100,785.1,1,3891658.26
100,785.1,1,3791658.26
100,785.1,1,4012058.26
100,785.1,1,3841658.26
100,785.1,1,3741658.26
100,785.1,1,3962058.26
100,785.1,2,3829058.26
100,785.1,2,3729058.26
100,785.1,2,3949458.26
100,785.1,2,3779058.26
100,785.1,2,3679058.26
100,785.1,2,3899458.26
100,785.1,2,3891658.26
100,785.1,2,3791658.26
100,785.1,2,4012058.26
100,785.1,2,3841658.26
100,785.1,2,3741658.26
100,785.1,2,3962058.26
100,144,0,2690058.26
100,144,0,2590058.26
100,144,0,2810458.26
100,144,0,2640058.26
100,144,0,2540058.26
100,144,0,2760458.26
100,144,0,2752658.26
100,144,0,2652658.26
100,144,0,2873058.26
100,144,0,2702658.26
100,144,0,2602658.26
100,144,0,2823058.26
