no_of_pc,room_size,worsktation_type,total price
1,7.9,2,45863
1,7.9,2,48138
1,7.9,2,45633
1,7.9,2,47063
1,7.9,2,49338
1,7.9,2,46833
1,7.9,2,46860
1,7.9,2,49135
1,7.9,2,46630
1,7.9,2,48060
1,7.9,2,50335
1,7.9,2,47830
1,7.9,2,49653
1,7.9,2,51928
1,7.9,2,49423
1,7.9,2,50853
1,7.9,2,53128
1,7.9,2,50623
1,7.9,2,50650
1,7.9,2,52925
1,7.9,2,50420
1,7.9,2,51850
1,7.9,2,54125
1,7.9,2,51620
1,25,2,38263
1,25,2,40538
1,25,2,38033
1,25,2,39463
1,25,2,41738
1,25,2,39233
1,25,2,39260
1,25,2,41535
1,25,2,39030
1,25,2,40460
1,25,2,42735
1,25,2,40230
2,15.7,2,91922.17
2,15.7,2,96472.17
2,15.7,2,91462.17
2,15.7,2,94322.17
2,15.7,2,98872.17
2,15.7,2,93862.17
2,15.7,2,93916.17
2,15.7,2,98466.17
2,15.7,2,93456.17
2,15.7,2,96316.17
2,15.7,2,100866.17
2,15.7,2,95856.17
2,15.7,2,99502.17
2,15.7,2,104052.17
2,15.7,2,99042.17
2,15.7,2,101902.17
2,15.7,2,106452.17
2,15.7,2,101442.17
2,15.7,2,101496.17
2,15.7,2,106046.17
2,15.7,2,101036.17
2,15.7,2,103896.17
2,15.7,2,108446.17
2,15.7,2,103436.17
2,25,2,76722.17
2,25,2,81272.17
2,25,2,76262.17
2,25,2,79122.17
2,25,2,83672.17
2,25,2,78662.17
2,25,2,78716.17
2,25,2,83266.17
2,25,2,78256.17
2,25,2,81116.17
2,25,2,85666.17
2,25,2,80656.17
3,23.6,2,137260.17
3,23.6,2,144085.17
3,23.6,2,136570.17
3,23.6,2,140860.17
3,23.6,2,147685.17
3,23.6,2,140170.17
3,23.6,2,140251.17
3,23.6,2,147076.17
3,23.6,2,139561.17
3,23.6,2,143851.17
3,23.6,2,150676.17
3,23.6,2,143161.17
3,23.6,2,148630.17
3,23.6,2,155455.17
3,23.6,2,147940.17
3,23.6,2,152230.17
3,23.6,2,159055.17
3,23.6,2,151540.17
3,23.6,2,151621.17
3,23.6,2,158446.17
3,23.6,2,150931.17
3,23.6,2,155221.17
3,23.6,2,162046.17
3,23.6,2,154531.17
3,25,2,114460.17
3,25,2,121285.17
3,25,2,113770.17
3,25,2,118060.17
3,25,2,124885.17
3,25,2,117370.17
3,25,2,117451.17
3,25,2,124276.17
3,25,2,116761.17
3,25,2,121051.17
3,25,2,127876.17
3,25,2,120361.17
4,31.4,2,182598.17
4,31.4,2,191698.17
4,31.4,2,181678.17
4,31.4,2,187398.17
4,31.4,2,196498.17
4,31.4,2,186478.17
4,31.4,2,186586.17
4,31.4,2,195686.17
4,31.4,2,185666.17
4,31.4,2,191386.17
4,31.4,2,200486.17
4,31.4,2,190466.17
4,31.4,2,197758.17
4,31.4,2,206858.17
4,31.4,2,196838.17
4,31.4,2,202558.17
4,31.4,2,211658.17
4,31.4,2,201638.17
4,31.4,2,201746.17
4,31.4,2,210846.17
4,31.4,2,200826.17
4,31.4,2,206546.17
4,31.4,2,215646.17
4,31.4,2,205626.17
4,25,2,152198.17
4,25,2,161298.17
4,25,2,151278.17
4,25,2,156998.17
4,25,2,166098.17
4,25,2,156078.17
4,25,2,156186.17
4,25,2,165286.17
4,25,2,155266.17
4,25,2,160986.17
4,25,2,170086.17
4,25,2,160066.17
5,39.3,2,227215
5,39.3,2,238590
5,39.3,2,226065
5,39.3,2,233215
5,39.3,2,244590
5,39.3,2,232065
5,39.3,2,232200
5,39.3,2,243575
5,39.3,2,231050
5,39.3,2,238200
5,39.3,2,249575
5,39.3,2,237050
5,39.3,2,246165
5,39.3,2,257540
5,39.3,2,245015
5,39.3,2,252165
5,39.3,2,263540
5,39.3,2,251015
5,39.3,2,251150
5,39.3,2,262525
5,39.3,2,250000
5,39.3,2,257150
5,39.3,2,268525
5,39.3,2,256000
5,25,2,189215
5,25,2,200590
5,25,2,188065
5,25,2,195215
5,25,2,206590
5,25,2,194065
5,25,2,194200
5,25,2,205575
5,25,2,193050
5,25,2,200200
5,25,2,211575
5,25,2,199050
6,47.1,2,273274.17
6,47.1,2,286924.17
6,47.1,2,271894.17
6,47.1,2,280474.17
6,47.1,2,294124.17
6,47.1,2,279094.17
6,47.1,2,279256.17
6,47.1,2,292906.17
6,47.1,2,277876.17
6,47.1,2,286456.17
6,47.1,2,300106.17
6,47.1,2,285076.17
6,47.1,2,296014.17
6,47.1,2,309664.17
6,47.1,2,294634.17
6,47.1,2,303214.17
6,47.1,2,316864.17
6,47.1,2,301834.17
6,47.1,2,301996.17
6,47.1,2,315646.17
6,47.1,2,300616.17
6,47.1,2,309196.17
6,47.1,2,322846.17
6,47.1,2,307816.17
6,25,2,227674.17
6,25,2,241324.17
6,25,2,226294.17
6,25,2,234874.17
6,25,2,248524.17
6,25,2,233494.17
6,25,2,233656.17
6,25,2,247306.17
6,25,2,232276.17
6,25,2,240856.17
6,25,2,254506.17
6,25,2,239476.17
7,54.9,2,318612.17
7,54.9,2,334537.17
7,54.9,2,317002.17
7,54.9,2,327012.17
7,54.9,2,342937.17
7,54.9,2,325402.17
7,54.9,2,325591.17
7,54.9,2,341516.17
7,54.9,2,323981.17
7,54.9,2,333991.17
7,54.9,2,349916.17
7,54.9,2,332381.17
7,54.9,2,345142.17
7,54.9,2,361067.17
7,54.9,2,343532.17
7,54.9,2,353542.17
7,54.9,2,369467.17
7,54.9,2,351932.17
7,54.9,2,352121.17
7,54.9,2,368046.17
7,54.9,2,350511.17
7,54.9,2,360521.17
7,54.9,2,376446.17
7,54.9,2,358911.17
7,25,2,265412.17
7,25,2,281337.17
7,25,2,263802.17
7,25,2,273812.17
7,25,2,289737.17
7,25,2,272202.17
7,25,2,272391.17
7,25,2,288316.17
7,25,2,270781.17
7,25,2,280791.17
7,25,2,296716.17
7,25,2,279181.17
8,62.8,2,363950.17
8,62.8,2,382150.17
8,62.8,2,362110.17
8,62.8,2,373550.17
8,62.8,2,391750.17
8,62.8,2,371710.17
8,62.8,2,371926.17
8,62.8,2,390126.17
8,62.8,2,370086.17
8,62.8,2,381526.17
8,62.8,2,399726.17
8,62.8,2,379686.17
8,62.8,2,394270.17
8,62.8,2,412470.17
8,62.8,2,392430.17
8,62.8,2,403870.17
8,62.8,2,422070.17
8,62.8,2,402030.17
8,62.8,2,402246.17
8,62.8,2,420446.17
8,62.8,2,400406.17
8,62.8,2,411846.17
8,62.8,2,430046.17
8,62.8,2,410006.17
8,25,2,303150.17
8,25,2,321350.17
8,25,2,301310.17
8,25,2,312750.17
8,25,2,330950.17
8,25,2,310910.17
8,25,2,311126.17
8,25,2,329326.17
8,25,2,309286.17
8,25,2,320726.17
8,25,2,338926.17
8,25,2,318886.17
9,70.6,2,412032
9,70.6,2,432507
9,70.6,2,409962
9,70.6,2,422832
9,70.6,2,443307
9,70.6,2,420762
9,70.6,2,421005
9,70.6,2,441480
9,70.6,2,418935
9,70.6,2,431805
9,70.6,2,452280
9,70.6,2,429735
9,70.6,2,446142
9,70.6,2,466617
9,70.6,2,444072
9,70.6,2,456942
9,70.6,2,477417
9,70.6,2,454872
9,70.6,2,455115
9,70.6,2,475590
9,70.6,2,453045
9,70.6,2,465915
9,70.6,2,486390
9,70.6,2,463845
9,25,2,343632
9,25,2,364107
9,25,2,341562
9,25,2,354432
9,25,2,374907
9,25,2,352362
9,25,2,352605
9,25,2,373080
9,25,2,350535
9,25,2,363405
9,25,2,383880
9,25,2,361335
10,78.5,2,457370
10,78.5,2,480120
10,78.5,2,455070
10,78.5,2,469370
10,78.5,2,492120
10,78.5,2,467070
10,78.5,2,467340
10,78.5,2,490090
10,78.5,2,465040
10,78.5,2,479340
10,78.5,2,502090
10,78.5,2,477040
10,78.5,2,495270
10,78.5,2,518020
10,78.5,2,492970
10,78.5,2,507270
10,78.5,2,530020
10,78.5,2,504970
10,78.5,2,505240
10,78.5,2,527990
10,78.5,2,502940
10,78.5,2,517240
10,78.5,2,539990
10,78.5,2,514940
10,25,2,381370
10,25,2,404120
10,25,2,379070
10,25,2,393370
10,25,2,416120
10,25,2,391070
10,25,2,391340
10,25,2,414090
10,25,2,389040
10,25,2,403340
10,25,2,426090
10,25,2,401040
11,86.3,2,502708
11,86.3,2,527733
11,86.3,2,500178
11,86.3,2,515908
11,86.3,2,540933
11,86.3,2,513378
11,86.3,2,513675
11,86.3,2,538700
11,86.3,2,511145
11,86.3,2,526875
11,86.3,2,551900
11,86.3,2,524345
11,86.3,2,544398
11,86.3,2,569423
11,86.3,2,541868
11,86.3,2,557598
11,86.3,2,582623
11,86.3,2,555068
11,86.3,2,555365
11,86.3,2,580390
11,86.3,2,552835
11,86.3,2,568565
11,86.3,2,593590
11,86.3,2,566035
11,25,2,419108
11,25,2,444133
11,25,2,416578
11,25,2,432308
11,25,2,457333
11,25,2,429778
11,25,2,430075
11,25,2,455100
11,25,2,427545
11,25,2,443275
11,25,2,468300
11,25,2,440745
12,94.2,2,548046
12,94.2,2,575346
12,94.2,2,545286
12,94.2,2,562446
12,94.2,2,589746
12,94.2,2,559686
12,94.2,2,560010
12,94.2,2,587310
12,94.2,2,557250
12,94.2,2,574410
12,94.2,2,601710
12,94.2,2,571650
12,94.2,2,593526
12,94.2,2,620826
12,94.2,2,590766
12,94.2,2,607926
12,94.2,2,635226
12,94.2,2,605166
12,94.2,2,605490
12,94.2,2,632790
12,94.2,2,602730
12,94.2,2,619890
12,94.2,2,647190
12,94.2,2,617130
12,25,2,456846
12,25,2,484146
12,25,2,454086
12,25,2,471246
12,25,2,498546
12,25,2,468486
12,25,2,468810
12,25,2,496110
12,25,2,466050
12,25,2,483210
12,25,2,510510
12,25,2,480450
13,102,2,593384
13,102,2,622959
13,102,2,590394
13,102,2,608984
13,102,2,638559
13,102,2,605994
13,102,2,606345
13,102,2,635920
13,102,2,603355
13,102,2,621945
13,102,2,651520
13,102,2,618955
13,102,2,642654
13,102,2,672229
13,102,2,639664
13,102,2,658254
13,102,2,687829
13,102,2,655264
13,102,2,655615
13,102,2,685190
13,102,2,652625
13,102,2,671215
13,102,2,700790
13,102,2,668225
13,35,2,494584
13,35,2,524159
13,35,2,491594
13,35,2,510184
13,35,2,539759
13,35,2,507194
13,35,2,507545
13,35,2,537120
13,35,2,504555
13,35,2,523145
13,35,2,552720
13,35,2,520155
14,109.8,2,638722
14,109.8,2,670572
14,109.8,2,635502
14,109.8,2,655522
14,109.8,2,687372
14,109.8,2,652302
14,109.8,2,652680
14,109.8,2,684530
14,109.8,2,649460
14,109.8,2,669480
14,109.8,2,701330
14,109.8,2,666260
14,109.8,2,691782
14,109.8,2,723632
14,109.8,2,688562
14,109.8,2,708582
14,109.8,2,740432
14,109.8,2,705362
14,109.8,2,705740
14,109.8,2,737590
14,109.8,2,702520
14,109.8,2,722540
14,109.8,2,754390
14,109.8,2,719320
14,35,2,532322
14,35,2,564172
14,35,2,529102
14,35,2,549122
14,35,2,580972
14,35,2,545902
14,35,2,546280
14,35,2,578130
14,35,2,543060
14,35,2,563080
14,35,2,594930
14,35,2,559860
15,117.7,2,684060
15,117.7,2,718185
15,117.7,2,680610
15,117.7,2,702060
15,117.7,2,736185
15,117.7,2,698610
15,117.7,2,699015
15,117.7,2,733140
15,117.7,2,695565
15,117.7,2,717015
15,117.7,2,751140
15,117.7,2,713565
15,117.7,2,740910
15,117.7,2,775035
15,117.7,2,737460
15,117.7,2,758910
15,117.7,2,793035
15,117.7,2,755460
15,117.7,2,755865
15,117.7,2,789990
15,117.7,2,752415
15,117.7,2,773865
15,117.7,2,807990
15,117.7,2,770415
15,35,2,570060
15,35,2,604185
15,35,2,566610
15,35,2,588060
15,35,2,622185
15,35,2,584610
15,35,2,585015
15,35,2,619140
15,35,2,581565
15,35,2,603015
15,35,2,637140
15,35,2,599565
16,125.5,2,729398
16,125.5,2,765798
16,125.5,2,725718
16,125.5,2,748598
16,125.5,2,784998
16,125.5,2,744918
16,125.5,2,745350
16,125.5,2,781750
16,125.5,2,741670
16,125.5,2,764550
16,125.5,2,800950
16,125.5,2,760870
16,125.5,2,790038
16,125.5,2,826438
16,125.5,2,786358
16,125.5,2,809238
16,125.5,2,845638
16,125.5,2,805558
16,125.5,2,805990
16,125.5,2,842390
16,125.5,2,802310
16,125.5,2,825190
16,125.5,2,861590
16,125.5,2,821510
16,42,2,607798
16,42,2,644198
16,42,2,604118
16,42,2,626998
16,42,2,663398
16,42,2,623318
16,42,2,623750
16,42,2,660150
16,42,2,620070
16,42,2,642950
16,42,2,679350
16,42,2,639270
17,133.4,2,776412.4
17,133.4,2,815087.4
17,133.4,2,772502.4
17,133.4,2,796812.4
17,133.4,2,835487.4
17,133.4,2,792902.4
17,133.4,2,793361.4
17,133.4,2,832036.4
17,133.4,2,789451.4
17,133.4,2,813761.4
17,133.4,2,852436.4
17,133.4,2,809851.4
17,133.4,2,840842.4
17,133.4,2,879517.4
17,133.4,2,836932.4
17,133.4,2,861242.4
17,133.4,2,899917.4
17,133.4,2,857332.4
17,133.4,2,857791.4
17,133.4,2,896466.4
17,133.4,2,853881.4
17,133.4,2,878191.4
17,133.4,2,916866.4
17,133.4,2,874281.4
17,42,2,647212.4
17,42,2,685887.4
17,42,2,643302.4
17,42,2,667612.4
17,42,2,706287.4
17,42,2,663702.4
17,42,2,664161.4
17,42,2,702836.4
17,42,2,660251.4
17,42,2,684561.4
17,42,2,723236.4
17,42,2,680651.4
18,141.2,2,821750.4
18,141.2,2,862700.4
18,141.2,2,817610.4
18,141.2,2,843350.4
18,141.2,2,884300.4
18,141.2,2,839210.4
18,141.2,2,839696.4
18,141.2,2,880646.4
18,141.2,2,835556.4
18,141.2,2,861296.4
18,141.2,2,902246.4
18,141.2,2,857156.4
18,141.2,2,889970.4
18,141.2,2,930920.4
18,141.2,2,885830.4
18,141.2,2,911570.4
18,141.2,2,952520.4
18,141.2,2,907430.4
18,141.2,2,907916.4
18,141.2,2,948866.4
18,141.2,2,903776.4
18,141.2,2,929516.4
18,141.2,2,970466.4
18,141.2,2,925376.4
18,42,2,684950.4
18,42,2,725900.4
18,42,2,680810.4
18,42,2,706550.4
18,42,2,747500.4
18,42,2,702410.4
18,42,2,702896.4
18,42,2,743846.4
18,42,2,698756.4
18,42,2,724496.4
18,42,2,765446.4
18,42,2,720356.4
19,149.1,2,867088.4
19,149.1,2,910313.4
19,149.1,2,862718.4
19,149.1,2,889888.4
19,149.1,2,933113.4
19,149.1,2,885518.4
19,149.1,2,886031.4
19,149.1,2,929256.4
19,149.1,2,881661.4
19,149.1,2,908831.4
19,149.1,2,952056.4
19,149.1,2,904461.4
19,149.1,2,939098.4
19,149.1,2,982323.4
19,149.1,2,934728.4
19,149.1,2,961898.4
19,149.1,2,1005123.4
19,149.1,2,957528.4
19,149.1,2,958041.4
19,149.1,2,1001266.4
19,149.1,2,953671.4
19,149.1,2,980841.4
19,149.1,2,1024066.4
19,149.1,2,976471.4
19,42,2,722688.4
19,42,2,765913.4
19,42,2,718318.4
19,42,2,745488.4
19,42,2,788713.4
19,42,2,741118.4
19,42,2,741631.4
19,42,2,784856.4
19,42,2,737261.4
19,42,2,764431.4
19,42,2,807656.4
19,42,2,760061.4
20,156.9,2,912426.4
20,156.9,2,957926.4
20,156.9,2,907826.4
20,156.9,2,936426.4
20,156.9,2,981926.4
20,156.9,2,931826.4
20,156.9,2,932366.4
20,156.9,2,977866.4
20,156.9,2,927766.4
20,156.9,2,956366.4
20,156.9,2,1001866.4
20,156.9,2,951766.4
20,156.9,2,988226.4
20,156.9,2,1033726.4
20,156.9,2,983626.4
20,156.9,2,1012226.4
20,156.9,2,1057726.4
20,156.9,2,1007626.4
20,156.9,2,1008166.4
20,156.9,2,1053666.4
20,156.9,2,1003566.4
20,156.9,2,1032166.4
20,156.9,2,1077666.4
20,156.9,2,1027566.4
20,42,2,760426.4
20,42,2,805926.4
20,42,2,755826.4
20,42,2,784426.4
20,42,2,829926.4
20,42,2,779826.4
20,42,2,780366.4
20,42,2,825866.4
20,42,2,775766.4
20,42,2,804366.4
20,42,2,849866.4
20,42,2,799766.4
21,164.7,2,957764.4
21,164.7,2,1005539.4
21,164.7,2,952934.4
21,164.7,2,982964.4
21,164.7,2,1030739.4
21,164.7,2,978134.4
21,164.7,2,978701.4
21,164.7,2,1026476.4
21,164.7,2,973871.4
21,164.7,2,1003901.4
21,164.7,2,1051676.4
21,164.7,2,999071.4
21,164.7,2,1037354.4
21,164.7,2,1085129.4
21,164.7,2,1032524.4
21,164.7,2,1062554.4
21,164.7,2,1110329.4
21,164.7,2,1057724.4
21,164.7,2,1058291.4
21,164.7,2,1106066.4
21,164.7,2,1053461.4
21,164.7,2,1083491.4
21,164.7,2,1131266.4
21,164.7,2,1078661.4
21,45,2,798164.4
21,45,2,845939.4
21,45,2,793334.4
21,45,2,823364.4
21,45,2,871139.4
21,45,2,818534.4
21,45,2,819101.4
21,45,2,866876.4
21,45,2,814271.4
21,45,2,844301.4
21,45,2,892076.4
21,45,2,839471.4
22,172.6,2,1003102.4
22,172.6,2,1053152.4
22,172.6,2,998042.4
22,172.6,2,1029502.4
22,172.6,2,1079552.4
22,172.6,2,1024442.4
22,172.6,2,1025036.4
22,172.6,2,1075086.4
22,172.6,2,1019976.4
22,172.6,2,1051436.4
22,172.6,2,1101486.4
22,172.6,2,1046376.4
22,172.6,2,1086482.4
22,172.6,2,1136532.4
22,172.6,2,1081422.4
22,172.6,2,1112882.4
22,172.6,2,1162932.4
22,172.6,2,1107822.4
22,172.6,2,1108416.4
22,172.6,2,1158466.4
22,172.6,2,1103356.4
22,172.6,2,1134816.4
22,172.6,2,1184866.4
22,172.6,2,1129756.4
22,45,2,835902.4
22,45,2,885952.4
22,45,2,830842.4
22,45,2,862302.4
22,45,2,912352.4
22,45,2,857242.4
22,45,2,857836.4
22,45,2,907886.4
22,45,2,852776.4
22,45,2,884236.4
22,45,2,934286.4
22,45,2,879176.4
23,180.4,2,1048440.4
23,180.4,2,1100765.4
23,180.4,2,1043150.4
23,180.4,2,1076040.4
23,180.4,2,1128365.4
23,180.4,2,1070750.4
23,180.4,2,1071371.4
23,180.4,2,1123696.4
23,180.4,2,1066081.4
23,180.4,2,1098971.4
23,180.4,2,1151296.4
23,180.4,2,1093681.4
23,180.4,2,1135610.4
23,180.4,2,1187935.4
23,180.4,2,1130320.4
23,180.4,2,1163210.4
23,180.4,2,1215535.4
23,180.4,2,1157920.4
23,180.4,2,1158541.4
23,180.4,2,1210866.4
23,180.4,2,1153251.4
23,180.4,2,1186141.4
23,180.4,2,1238466.4
23,180.4,2,1180851.4
23,45,2,873640.4
23,45,2,925965.4
23,45,2,868350.4
23,45,2,901240.4
23,45,2,953565.4
23,45,2,895950.4
23,45,2,896571.4
23,45,2,948896.4
23,45,2,891281.4
23,45,2,924171.4
23,45,2,976496.4
23,45,2,918881.4
24,188.3,2,1093778.4
24,188.3,2,1148378.4
24,188.3,2,1088258.4
24,188.3,2,1122578.4
24,188.3,2,1177178.4
24,188.3,2,1117058.4
24,188.3,2,1117706.4
24,188.3,2,1172306.4
24,188.3,2,1112186.4
24,188.3,2,1146506.4
24,188.3,2,1201106.4
24,188.3,2,1140986.4
24,188.3,2,1184738.4
24,188.3,2,1239338.4
24,188.3,2,1179218.4
24,188.3,2,1213538.4
24,188.3,2,1268138.4
24,188.3,2,1208018.4
24,188.3,2,1208666.4
24,188.3,2,1263266.4
24,188.3,2,1203146.4
24,188.3,2,1237466.4
24,188.3,2,1292066.4
24,188.3,2,1231946.4
24,45,2,911378.4
24,45,2,965978.4
24,45,2,905858.4
24,45,2,940178.4
24,45,2,994778.4
24,45,2,934658.4
24,45,2,935306.4
24,45,2,989906.4
24,45,2,929786.4
24,45,2,964106.4
24,45,2,1018706.4
24,45,2,958586.4
25,196.1,2,1149050
25,196.1,2,1205925
25,196.1,2,1143300
25,196.1,2,1179050
25,196.1,2,1235925
25,196.1,2,1173300
25,196.1,2,1173975
25,196.1,2,1230850
25,196.1,2,1168225
25,196.1,2,1203975
25,196.1,2,1260850
25,196.1,2,1198225
25,196.1,2,1243800
25,196.1,2,1300675
25,196.1,2,1238050
25,196.1,2,1273800
25,196.1,2,1330675
25,196.1,2,1268050
25,196.1,2,1268725
25,196.1,2,1325600
25,196.1,2,1262975
25,196.1,2,1298725
25,196.1,2,1355600
25,196.1,2,1292975
25,45,2,959050
25,45,2,1015925
25,45,2,953300
25,45,2,989050
25,45,2,1045925
25,45,2,983300
25,45,2,983975
25,45,2,1040850
25,45,2,978225
25,45,2,1013975
25,45,2,1070850
25,45,2,1008225
26,203.9,2,1194388
26,203.9,2,1253538
26,203.9,2,1188408
26,203.9,2,1225588
26,203.9,2,1284738
26,203.9,2,1219608
26,203.9,2,1220310
26,203.9,2,1279460
26,203.9,2,1214330
26,203.9,2,1251510
26,203.9,2,1310660
26,203.9,2,1245530
26,203.9,2,1292928
26,203.9,2,1352078
26,203.9,2,1286948
26,203.9,2,1324128
26,203.9,2,1383278
26,203.9,2,1318148
26,203.9,2,1318850
26,203.9,2,1378000
26,203.9,2,1312870
26,203.9,2,1350050
26,203.9,2,1409200
26,203.9,2,1344070
26,45,2,996788
26,45,2,1055938
26,45,2,990808
26,45,2,1027988
26,45,2,1087138
26,45,2,1022008
26,45,2,1022710
26,45,2,1081860
26,45,2,1016730
26,45,2,1053910
26,45,2,1113060
26,45,2,1047930
27,211.8,2,1239726
27,211.8,2,1301151
27,211.8,2,1233516
27,211.8,2,1272126
27,211.8,2,1333551
27,211.8,2,1265916
27,211.8,2,1266645
27,211.8,2,1328070
27,211.8,2,1260435
27,211.8,2,1299045
27,211.8,2,1360470
27,211.8,2,1292835
27,211.8,2,1342056
27,211.8,2,1403481
27,211.8,2,1335846
27,211.8,2,1374456
27,211.8,2,1435881
27,211.8,2,1368246
27,211.8,2,1368975
27,211.8,2,1430400
27,211.8,2,1362765
27,211.8,2,1401375
27,211.8,2,1462800
27,211.8,2,1395165
27,45,2,1034526
27,45,2,1095951
27,45,2,1028316
27,45,2,1066926
27,45,2,1128351
27,45,2,1060716
27,45,2,1061445
27,45,2,1122870
27,45,2,1055235
27,45,2,1093845
27,45,2,1155270
27,45,2,1087635
28,219.6,2,1285064
28,219.6,2,1348764
28,219.6,2,1278624
28,219.6,2,1318664
28,219.6,2,1382364
28,219.6,2,1312224
28,219.6,2,1312980
28,219.6,2,1376680
28,219.6,2,1306540
28,219.6,2,1346580
28,219.6,2,1410280
28,219.6,2,1340140
28,219.6,2,1391184
28,219.6,2,1454884
28,219.6,2,1384744
28,219.6,2,1424784
28,219.6,2,1488484
28,219.6,2,1418344
28,219.6,2,1419100
28,219.6,2,1482800
28,219.6,2,1412660
28,219.6,2,1452700
28,219.6,2,1516400
28,219.6,2,1446260
28,45,2,1072264
28,45,2,1135964
28,45,2,1065824
28,45,2,1105864
28,45,2,1169564
28,45,2,1099424
28,45,2,1100180
28,45,2,1163880
28,45,2,1093740
28,45,2,1133780
28,45,2,1197480
28,45,2,1127340
29,227.5,2,1328618.63
29,227.5,2,1394593.63
29,227.5,2,1321948.63
29,227.5,2,1363418.63
29,227.5,2,1429393.63
29,227.5,2,1356748.63
29,227.5,2,1357531.63
29,227.5,2,1423506.63
29,227.5,2,1350861.63
29,227.5,2,1392331.63
29,227.5,2,1458306.63
29,227.5,2,1385661.63
29,227.5,2,1438528.63
29,227.5,2,1504503.63
29,227.5,2,1431858.63
29,227.5,2,1473328.63
29,227.5,2,1539303.63
29,227.5,2,1466658.63
29,227.5,2,1467441.63
29,227.5,2,1533416.63
29,227.5,2,1460771.63
29,227.5,2,1502241.63
29,227.5,2,1568216.63
29,227.5,2,1495571.63
29,54,2,1108218.63
29,54,2,1174193.63
29,54,2,1101548.63
29,54,2,1143018.63
29,54,2,1208993.63
29,54,2,1136348.63
29,54,2,1137131.63
29,54,2,1203106.63
29,54,2,1130461.63
29,54,2,1171931.63
29,54,2,1237906.63
29,54,2,1165261.63
30,235.3,2,1373956.63
30,235.3,2,1442206.63
30,235.3,2,1367056.63
30,235.3,2,1409956.63
30,235.3,2,1478206.63
30,235.3,2,1403056.63
30,235.3,2,1403866.63
30,235.3,2,1472116.63
30,235.3,2,1396966.63
30,235.3,2,1439866.63
30,235.3,2,1508116.63
30,235.3,2,1432966.63
30,235.3,2,1487656.63
30,235.3,2,1555906.63
30,235.3,2,1480756.63
30,235.3,2,1523656.63
30,235.3,2,1591906.63
30,235.3,2,1516756.63
30,235.3,2,1517566.63
30,235.3,2,1585816.63
30,235.3,2,1510666.63
30,235.3,2,1553566.63
30,235.3,2,1621816.63
30,235.3,2,1546666.63
30,54,2,1145956.63
30,54,2,1214206.63
30,54,2,1139056.63
30,54,2,1181956.63
30,54,2,1250206.63
30,54,2,1175056.63
30,54,2,1175866.63
30,54,2,1244116.63
30,54,2,1168966.63
30,54,2,1211866.63
30,54,2,1280116.63
30,54,2,1204966.63
31,243.2,2,1419294.63
31,243.2,2,1489819.63
31,243.2,2,1412164.63
31,243.2,2,1456494.63
31,243.2,2,1527019.63
31,243.2,2,1449364.63
31,243.2,2,1450201.63
31,243.2,2,1520726.63
31,243.2,2,1443071.63
31,243.2,2,1487401.63
31,243.2,2,1557926.63
31,243.2,2,1480271.63
31,243.2,2,1536784.63
31,243.2,2,1607309.63
31,243.2,2,1529654.63
31,243.2,2,1573984.63
31,243.2,2,1644509.63
31,243.2,2,1566854.63
31,243.2,2,1567691.63
31,243.2,2,1638216.63
31,243.2,2,1560561.63
31,243.2,2,1604891.63
31,243.2,2,1675416.63
31,243.2,2,1597761.63
31,54,2,1183694.63
31,54,2,1254219.63
31,54,2,1176564.63
31,54,2,1220894.63
31,54,2,1291419.63
31,54,2,1213764.63
31,54,2,1214601.63
31,54,2,1285126.63
31,54,2,1207471.63
31,54,2,1251801.63
31,54,2,1322326.63
31,54,2,1244671.63
32,251,2,1464632.63
32,251,2,1537432.63
32,251,2,1457272.63
32,251,2,1503032.63
32,251,2,1575832.63
32,251,2,1495672.63
32,251,2,1496536.63
32,251,2,1569336.63
32,251,2,1489176.63
32,251,2,1534936.63
32,251,2,1607736.63
32,251,2,1527576.63
32,251,2,1585912.63
32,251,2,1658712.63
32,251,2,1578552.63
32,251,2,1624312.63
32,251,2,1697112.63
32,251,2,1616952.63
32,251,2,1617816.63
32,251,2,1690616.63
32,251,2,1610456.63
32,251,2,1656216.63
32,251,2,1729016.63
32,251,2,1648856.63
32,54,2,1221432.63
32,54,2,1294232.63
32,54,2,1214072.63
32,54,2,1259832.63
32,54,2,1332632.63
32,54,2,1252472.63
32,54,2,1253336.63
32,54,2,1326136.63
32,54,2,1245976.63
32,54,2,1291736.63
32,54,2,1364536.63
32,54,2,1284376.63
33,258.8,2,1509970.63
33,258.8,2,1585045.63
33,258.8,2,1502380.63
33,258.8,2,1549570.63
33,258.8,2,1624645.63
33,258.8,2,1541980.63
33,258.8,2,1542871.63
33,258.8,2,1617946.63
33,258.8,2,1535281.63
33,258.8,2,1582471.63
33,258.8,2,1657546.63
33,258.8,2,1574881.63
33,258.8,2,1635040.63
33,258.8,2,1710115.63
33,258.8,2,1627450.63
33,258.8,2,1674640.63
33,258.8,2,1749715.63
33,258.8,2,1667050.63
33,258.8,2,1667941.63
33,258.8,2,1743016.63
33,258.8,2,1660351.63
33,258.8,2,1707541.63
33,258.8,2,1782616.63
33,258.8,2,1699951.63
33,54,2,1259170.63
33,54,2,1334245.63
33,54,2,1251580.63
33,54,2,1298770.63
33,54,2,1373845.63
33,54,2,1291180.63
33,54,2,1292071.63
33,54,2,1367146.63
33,54,2,1284481.63
33,54,2,1331671.63
33,54,2,1406746.63
33,54,2,1324081.63
34,266.7,2,1555308.63
34,266.7,2,1632658.63
34,266.7,2,1547488.63
34,266.7,2,1596108.63
34,266.7,2,1673458.63
34,266.7,2,1588288.63
34,266.7,2,1589206.63
34,266.7,2,1666556.63
34,266.7,2,1581386.63
34,266.7,2,1630006.63
34,266.7,2,1707356.63
34,266.7,2,1622186.63
34,266.7,2,1684168.63
34,266.7,2,1761518.63
34,266.7,2,1676348.63
34,266.7,2,1724968.63
34,266.7,2,1802318.63
34,266.7,2,1717148.63
34,266.7,2,1718066.63
34,266.7,2,1795416.63
34,266.7,2,1710246.63
34,266.7,2,1758866.63
34,266.7,2,1836216.63
34,266.7,2,1751046.63
34,54,2,1296908.63
34,54,2,1374258.63
34,54,2,1289088.63
34,54,2,1337708.63
34,54,2,1415058.63
34,54,2,1329888.63
34,54,2,1330806.63
34,54,2,1408156.63
34,54,2,1322986.63
34,54,2,1371606.63
34,54,2,1448956.63
34,54,2,1363786.63
35,274.5,2,1600646.63
35,274.5,2,1680271.63
35,274.5,2,1592596.63
35,274.5,2,1642646.63
35,274.5,2,1722271.63
35,274.5,2,1634596.63
35,274.5,2,1635541.63
35,274.5,2,1715166.63
35,274.5,2,1627491.63
35,274.5,2,1677541.63
35,274.5,2,1757166.63
35,274.5,2,1669491.63
35,274.5,2,1733296.63
35,274.5,2,1812921.63
35,274.5,2,1725246.63
35,274.5,2,1775296.63
35,274.5,2,1854921.63
35,274.5,2,1767246.63
35,274.5,2,1768191.63
35,274.5,2,1847816.63
35,274.5,2,1760141.63
35,274.5,2,1810191.63
35,274.5,2,1889816.63
35,274.5,2,1802141.63
35,54,2,1334646.63
35,54,2,1414271.63
35,54,2,1326596.63
35,54,2,1376646.63
35,54,2,1456271.63
35,54,2,1368596.63
35,54,2,1369541.63
35,54,2,1449166.63
35,54,2,1361491.63
35,54,2,1411541.63
35,54,2,1491166.63
35,54,2,1403491.63
36,282.4,2,1645984.63
36,282.4,2,1727884.63
36,282.4,2,1637704.63
36,282.4,2,1689184.63
36,282.4,2,1771084.63
36,282.4,2,1680904.63
36,282.4,2,1681876.63
36,282.4,2,1763776.63
36,282.4,2,1673596.63
36,282.4,2,1725076.63
36,282.4,2,1806976.63
36,282.4,2,1716796.63
36,282.4,2,1782424.63
36,282.4,2,1864324.63
36,282.4,2,1774144.63
36,282.4,2,1825624.63
36,282.4,2,1907524.63
36,282.4,2,1817344.63
36,282.4,2,1818316.63
36,282.4,2,1900216.63
36,282.4,2,1810036.63
36,282.4,2,1861516.63
36,282.4,2,1943416.63
36,282.4,2,1853236.63
36,63,2,1372384.63
36,63,2,1454284.63
36,63,2,1364104.63
36,63,2,1415584.63
36,63,2,1497484.63
36,63,2,1407304.63
36,63,2,1408276.63
36,63,2,1490176.63
36,63,2,1399996.63
36,63,2,1451476.63
36,63,2,1533376.63
36,63,2,1443196.63
37,290.2,2,1691322.63
37,290.2,2,1775497.63
37,290.2,2,1682812.63
37,290.2,2,1735722.63
37,290.2,2,1819897.63
37,290.2,2,1727212.63
37,290.2,2,1728211.63
37,290.2,2,1812386.63
37,290.2,2,1719701.63
37,290.2,2,1772611.63
37,290.2,2,1856786.63
37,290.2,2,1764101.63
37,290.2,2,1831552.63
37,290.2,2,1915727.63
37,290.2,2,1823042.63
37,290.2,2,1875952.63
37,290.2,2,1960127.63
37,290.2,2,1867442.63
37,290.2,2,1868441.63
37,290.2,2,1952616.63
37,290.2,2,1859931.63
37,290.2,2,1912841.63
37,290.2,2,1997016.63
37,290.2,2,1904331.63
37,63,2,1410122.63
37,63,2,1494297.63
37,63,2,1401612.63
37,63,2,1454522.63
37,63,2,1538697.63
37,63,2,1446012.63
37,63,2,1447011.63
37,63,2,1531186.63
37,63,2,1438501.63
37,63,2,1491411.63
37,63,2,1575586.63
37,63,2,1482901.63
38,298,2,1736660.63
38,298,2,1823110.63
38,298,2,1727920.63
38,298,2,1782260.63
38,298,2,1868710.63
38,298,2,1773520.63
38,298,2,1774546.63
38,298,2,1860996.63
38,298,2,1765806.63
38,298,2,1820146.63
38,298,2,1906596.63
38,298,2,1811406.63
38,298,2,1880680.63
38,298,2,1967130.63
38,298,2,1871940.63
38,298,2,1926280.63
38,298,2,2012730.63
38,298,2,1917540.63
38,298,2,1918566.63
38,298,2,2005016.63
38,298,2,1909826.63
38,298,2,1964166.63
38,298,2,2050616.63
38,298,2,1955426.63
38,63,2,1447860.63
38,63,2,1534310.63
38,63,2,1439120.63
38,63,2,1493460.63
38,63,2,1579910.63
38,63,2,1484720.63
38,63,2,1485746.63
38,63,2,1572196.63
38,63,2,1477006.63
38,63,2,1531346.63
38,63,2,1617796.63
38,63,2,1522606.63
39,306.9,2,1781998.63
39,306.9,2,1870723.63
39,306.9,2,1773028.63
39,306.9,2,1828798.63
39,306.9,2,1917523.63
39,306.9,2,1819828.63
39,306.9,2,1820881.63
39,306.9,2,1909606.63
39,306.9,2,1811911.63
39,306.9,2,1867681.63
39,306.9,2,1956406.63
39,306.9,2,1858711.63
39,306.9,2,1929808.63
39,306.9,2,2018533.63
39,306.9,2,1920838.63
39,306.9,2,1976608.63
39,306.9,2,2065333.63
39,306.9,2,1967638.63
39,306.9,2,1968691.63
39,306.9,2,2057416.63
39,306.9,2,1959721.63
39,306.9,2,2015491.63
39,306.9,2,2104216.63
39,306.9,2,2006521.63
39,63,2,1485598.63
39,63,2,1574323.63
39,63,2,1476628.63
39,63,2,1532398.63
39,63,2,1621123.63
39,63,2,1523428.63
39,63,2,1524481.63
39,63,2,1613206.63
39,63,2,1515511.63
39,63,2,1571281.63
39,63,2,1660006.63
39,63,2,1562311.63
40,314.7,2,1827336.63
40,314.7,2,1918336.63
40,314.7,2,1818136.63
40,314.7,2,1875336.63
40,314.7,2,1966336.63
40,314.7,2,1866136.63
40,314.7,2,1867216.63
40,314.7,2,1958216.63
40,314.7,2,1858016.63
40,314.7,2,1915216.63
40,314.7,2,2006216.63
40,314.7,2,1906016.63
40,314.7,2,1978936.63
40,314.7,2,2069936.63
40,314.7,2,1969736.63
40,314.7,2,2026936.63
40,314.7,2,2117936.63
40,314.7,2,2017736.63
40,314.7,2,2018816.63
40,314.7,2,2109816.63
40,314.7,2,2009616.63
40,314.7,2,2066816.63
40,314.7,2,2157816.63
40,314.7,2,2057616.63
40,63,2,1523336.63
40,63,2,1614336.63
40,63,2,1514136.63
40,63,2,1571336.63
40,63,2,1662336.63
40,63,2,1562136.63
40,63,2,1563216.63
40,63,2,1654216.63
40,63,2,1554016.63
40,63,2,1611216.63
40,63,2,1702216.63
40,63,2,1602016.63
41,322.6,2,1872674.63
41,322.6,2,1965949.63
41,322.6,2,1863244.63
41,322.6,2,1921874.63
41,322.6,2,2015149.63
41,322.6,2,1912444.63
41,322.6,2,1913551.63
41,322.6,2,2006826.63
41,322.6,2,1904121.63
41,322.6,2,1962751.63
41,322.6,2,2056026.63
41,322.6,2,1953321.63
41,322.6,2,2028064.63
41,322.6,2,2121339.63
41,322.6,2,2018634.63
41,322.6,2,2077264.63
41,322.6,2,2170539.63
41,322.6,2,2067834.63
41,322.6,2,2068941.63
41,322.6,2,2162216.63
41,322.6,2,2059511.63
41,322.6,2,2118141.63
41,322.6,2,2211416.63
41,322.6,2,2108711.63
41,77,2,1561074.63
41,77,2,1654349.63
41,77,2,1551644.63
41,77,2,1610274.63
41,77,2,1703549.63
41,77,2,1600844.63
41,77,2,1601951.63
41,77,2,1695226.63
41,77,2,1592521.63
41,77,2,1651151.63
41,77,2,1744426.63
41,77,2,1641721.63
42,330.4,2,1918012.63
42,330.4,2,2013562.63
42,330.4,2,1908352.63
42,330.4,2,1968412.63
42,330.4,2,2063962.63
42,330.4,2,1958752.63
42,330.4,2,1959886.63
42,330.4,2,2055436.63
42,330.4,2,1950226.63
42,330.4,2,2010286.63
42,330.4,2,2105836.63
42,330.4,2,2000626.63
42,330.4,2,2077192.63
42,330.4,2,2172742.63
42,330.4,2,2067532.63
42,330.4,2,2127592.63
42,330.4,2,2223142.63
42,330.4,2,2117932.63
42,330.4,2,2119066.63
42,330.4,2,2214616.63
42,330.4,2,2109406.63
42,330.4,2,2169466.63
42,330.4,2,2265016.63
42,330.4,2,2159806.63
42,77,2,1598812.63
42,77,2,1694362.63
42,77,2,1589152.63
42,77,2,1649212.63
42,77,2,1744762.63
42,77,2,1639552.63
42,77,2,1640686.63
42,77,2,1736236.63
42,77,2,1631026.63
42,77,2,1691086.63
42,77,2,1786636.63
42,77,2,1681426.63
43,338.2,2,1963350.63
43,338.2,2,2061175.63
43,338.2,2,1953460.63
43,338.2,2,2014950.63
43,338.2,2,2112775.63
43,338.2,2,2005060.63
43,338.2,2,2006221.63
43,338.2,2,2104046.63
43,338.2,2,1996331.63
43,338.2,2,2057821.63
43,338.2,2,2155646.63
43,338.2,2,2047931.63
43,338.2,2,2126320.63
43,338.2,2,2224145.63
43,338.2,2,2116430.63
43,338.2,2,2177920.63
43,338.2,2,2275745.63
43,338.2,2,2168030.63
43,338.2,2,2169191.63
43,338.2,2,2267016.63
43,338.2,2,2159301.63
43,338.2,2,2220791.63
43,338.2,2,2318616.63
43,338.2,2,2210901.63
43,77,2,1636550.63
43,77,2,1734375.63
43,77,2,1626660.63
43,77,2,1688150.63
43,77,2,1785975.63
43,77,2,1678260.63
43,77,2,1679421.63
43,77,2,1777246.63
43,77,2,1669531.63
43,77,2,1731021.63
43,77,2,1828846.63
43,77,2,1721131.63
44,346.1,2,2008688.63
44,346.1,2,2108788.63
44,346.1,2,1998568.63
44,346.1,2,2061488.63
44,346.1,2,2161588.63
44,346.1,2,2051368.63
44,346.1,2,2052556.63
44,346.1,2,2152656.63
44,346.1,2,2042436.63
44,346.1,2,2105356.63
44,346.1,2,2205456.63
44,346.1,2,2095236.63
44,346.1,2,2175448.63
44,346.1,2,2275548.63
44,346.1,2,2165328.63
44,346.1,2,2228248.63
44,346.1,2,2328348.63
44,346.1,2,2218128.63
44,346.1,2,2219316.63
44,346.1,2,2319416.63
44,346.1,2,2209196.63
44,346.1,2,2272116.63
44,346.1,2,2372216.63
44,346.1,2,2261996.63
44,77,2,1674288.63
44,77,2,1774388.63
44,77,2,1664168.63
44,77,2,1727088.63
44,77,2,1827188.63
44,77,2,1716968.63
44,77,2,1718156.63
44,77,2,1818256.63
44,77,2,1708036.63
44,77,2,1770956.63
44,77,2,1871056.63
44,77,2,1760836.63
45,353.9,2,2054026.63
45,353.9,2,2156401.63
45,353.9,2,2043676.63
45,353.9,2,2108026.63
45,353.9,2,2210401.63
45,353.9,2,2097676.63
45,353.9,2,2098891.63
45,353.9,2,2201266.63
45,353.9,2,2088541.63
45,353.9,2,2152891.63
45,353.9,2,2255266.63
45,353.9,2,2142541.63
45,353.9,2,2224576.63
45,353.9,2,2326951.63
45,353.9,2,2214226.63
45,353.9,2,2278576.63
45,353.9,2,2380951.63
45,353.9,2,2268226.63
45,353.9,2,2269441.63
45,353.9,2,2371816.63
45,353.9,2,2259091.63
45,353.9,2,2323441.63
45,353.9,2,2425816.63
45,353.9,2,2313091.63
45,77,2,1712026.63
45,77,2,1814401.63
45,77,2,1701676.63
45,77,2,1766026.63
45,77,2,1868401.63
45,77,2,1755676.63
45,77,2,1756891.63
45,77,2,1859266.63
45,77,2,1746541.63
45,77,2,1810891.63
45,77,2,1913266.63
45,77,2,1800541.63
46,361.8,2,2099364.63
46,361.8,2,2204014.63
46,361.8,2,2088784.63
46,361.8,2,2154564.63
46,361.8,2,2259214.63
46,361.8,2,2143984.63
46,361.8,2,2145226.63
46,361.8,2,2249876.63
46,361.8,2,2134646.63
46,361.8,2,2200426.63
46,361.8,2,2305076.63
46,361.8,2,2189846.63
46,361.8,2,2273704.63
46,361.8,2,2378354.63
46,361.8,2,2263124.63
46,361.8,2,2328904.63
46,361.8,2,2433554.63
46,361.8,2,2318324.63
46,361.8,2,2319566.63
46,361.8,2,2424216.63
46,361.8,2,2308986.63
46,361.8,2,2374766.63
46,361.8,2,2479416.63
46,361.8,2,2364186.63
46,84,2,1749764.63
46,84,2,1854414.63
46,84,2,1739184.63
46,84,2,1804964.63
46,84,2,1909614.63
46,84,2,1794384.63
46,84,2,1795626.63
46,84,2,1900276.63
46,84,2,1785046.63
46,84,2,1850826.63
46,84,2,1955476.63
46,84,2,1840246.63
47,369.6,2,2144702.63
47,369.6,2,2251627.63
47,369.6,2,2133892.63
47,369.6,2,2201102.63
47,369.6,2,2308027.63
47,369.6,2,2190292.63
47,369.6,2,2191561.63
47,369.6,2,2298486.63
47,369.6,2,2180751.63
47,369.6,2,2247961.63
47,369.6,2,2354886.63
47,369.6,2,2237151.63
47,369.6,2,2322832.63
47,369.6,2,2429757.63
47,369.6,2,2312022.63
47,369.6,2,2379232.63
47,369.6,2,2486157.63
47,369.6,2,2368422.63
47,369.6,2,2369691.63
47,369.6,2,2476616.63
47,369.6,2,2358881.63
47,369.6,2,2426091.63
47,369.6,2,2533016.63
47,369.6,2,2415281.63
47,84,2,1787502.63
47,84,2,1894427.63
47,84,2,1776692.63
47,84,2,1843902.63
47,84,2,1950827.63
47,84,2,1833092.63
47,84,2,1834361.63
47,84,2,1941286.63
47,84,2,1823551.63
47,84,2,1890761.63
47,84,2,1997686.63
47,84,2,1879951.63
48,377.4,2,2190040.63
48,377.4,2,2299240.63
48,377.4,2,2179000.63
48,377.4,2,2247640.63
48,377.4,2,2356840.63
48,377.4,2,2236600.63
48,377.4,2,2237896.63
48,377.4,2,2347096.63
48,377.4,2,2226856.63
48,377.4,2,2295496.63
48,377.4,2,2404696.63
48,377.4,2,2284456.63
48,377.4,2,2371960.63
48,377.4,2,2481160.63
48,377.4,2,2360920.63
48,377.4,2,2429560.63
48,377.4,2,2538760.63
48,377.4,2,2418520.63
48,377.4,2,2419816.63
48,377.4,2,2529016.63
48,377.4,2,2408776.63
48,377.4,2,2477416.63
48,377.4,2,2586616.63
48,377.4,2,2466376.63
48,84,2,1825240.63
48,84,2,1934440.63
48,84,2,1814200.63
48,84,2,1882840.63
48,84,2,1992040.63
48,84,2,1871800.63
48,84,2,1873096.63
48,84,2,1982296.63
48,84,2,1862056.63
48,84,2,1930696.63
48,84,2,2039896.63
48,84,2,1919656.63
49,385.3,2,2235903.63
49,385.3,2,2347378.63
49,385.3,2,2224633.63
49,385.3,2,2294703.63
49,385.3,2,2406178.63
49,385.3,2,2283433.63
49,385.3,2,2284756.63
49,385.3,2,2396231.63
49,385.3,2,2273486.63
49,385.3,2,2343556.63
49,385.3,2,2455031.63
49,385.3,2,2332286.63
49,385.3,2,2421613.63
49,385.3,2,2533088.63
49,385.3,2,2410343.63
49,385.3,2,2480413.63
49,385.3,2,2591888.63
49,385.3,2,2469143.63
49,385.3,2,2470466.63
49,385.3,2,2581941.63
49,385.3,2,2459196.63
49,385.3,2,2529266.63
49,385.3,2,2640741.63
49,385.3,2,2517996.63
49,84,2,1863503.63
49,84,2,1974978.63
49,84,2,1852233.63
49,84,2,1922303.63
49,84,2,2033778.63
49,84,2,1911033.63
49,84,2,1912356.63
49,84,2,2023831.63
49,84,2,1901086.63
49,84,2,1971156.63
49,84,2,2082631.63
49,84,2,1959886.63
50,393.1,2,2281241.63
50,393.1,2,2394991.63
50,393.1,2,2269741.63
50,393.1,2,2341241.63
50,393.1,2,2454991.63
50,393.1,2,2329741.63
50,393.1,2,2331091.63
50,393.1,2,2444841.63
50,393.1,2,2319591.63
50,393.1,2,2391091.63
50,393.1,2,2504841.63
50,393.1,2,2379591.63
50,393.1,2,2470741.63
50,393.1,2,2584491.63
50,393.1,2,2459241.63
50,393.1,2,2530741.63
50,393.1,2,2644491.63
50,393.1,2,2519241.63
50,393.1,2,2520591.63
50,393.1,2,2634341.63
50,393.1,2,2509091.63
50,393.1,2,2580591.63
50,393.1,2,2694341.63
50,393.1,2,2569091.63
50,84,2,1901241.63
50,84,2,2014991.63
50,84,2,1889741.63
50,84,2,1961241.63
50,84,2,2074991.63
50,84,2,1949741.63
50,84,2,1951091.63
50,84,2,2064841.63
50,84,2,1939591.63
50,84,2,2011091.63
50,84,2,2124841.63
50,84,2,1999591.63
51,400.9,2,2326579.63
51,400.9,2,2442604.63
51,400.9,2,2314849.63
51,400.9,2,2387779.63
51,400.9,2,2503804.63
51,400.9,2,2376049.63
51,400.9,2,2377426.63
51,400.9,2,2493451.63
51,400.9,2,2365696.63
51,400.9,2,2438626.63
51,400.9,2,2554651.63
51,400.9,2,2426896.63
51,400.9,2,2519869.63
51,400.9,2,2635894.63
51,400.9,2,2508139.63
51,400.9,2,2581069.63
51,400.9,2,2697094.63
51,400.9,2,2569339.63
51,400.9,2,2570716.63
51,400.9,2,2686741.63
51,400.9,2,2558986.63
51,400.9,2,2631916.63
51,400.9,2,2747941.63
51,400.9,2,2620186.63
51,90,2,1938979.63
51,90,2,2055004.63
51,90,2,1927249.63
51,90,2,2000179.63
51,90,2,2116204.63
51,90,2,1988449.63
51,90,2,1989826.63
51,90,2,2105851.63
51,90,2,1978096.63
51,90,2,2051026.63
51,90,2,2167051.63
51,90,2,2039296.63
52,408.8,2,2371917.63
52,408.8,2,2490217.63
52,408.8,2,2359957.63
52,408.8,2,2434317.63
52,408.8,2,2552617.63
52,408.8,2,2422357.63
52,408.8,2,2423761.63
52,408.8,2,2542061.63
52,408.8,2,2411801.63
52,408.8,2,2486161.63
52,408.8,2,2604461.63
52,408.8,2,2474201.63
52,408.8,2,2568997.63
52,408.8,2,2687297.63
52,408.8,2,2557037.63
52,408.8,2,2631397.63
52,408.8,2,2749697.63
52,408.8,2,2619437.63
52,408.8,2,2620841.63
52,408.8,2,2739141.63
52,408.8,2,2608881.63
52,408.8,2,2683241.63
52,408.8,2,2801541.63
52,408.8,2,2671281.63
52,90,2,1976717.63
52,90,2,2095017.63
52,90,2,1964757.63
52,90,2,2039117.63
52,90,2,2157417.63
52,90,2,2027157.63
52,90,2,2028561.63
52,90,2,2146861.63
52,90,2,2016601.63
52,90,2,2090961.63
52,90,2,2209261.63
52,90,2,2079001.63
53,416.6,2,2417255.63
53,416.6,2,2537830.63
53,416.6,2,2405065.63
53,416.6,2,2480855.63
53,416.6,2,2601430.63
53,416.6,2,2468665.63
53,416.6,2,2470096.63
53,416.6,2,2590671.63
53,416.6,2,2457906.63
53,416.6,2,2533696.63
53,416.6,2,2654271.63
53,416.6,2,2521506.63
53,416.6,2,2618125.63
53,416.6,2,2738700.63
53,416.6,2,2605935.63
53,416.6,2,2681725.63
53,416.6,2,2802300.63
53,416.6,2,2669535.63
53,416.6,2,2670966.63
53,416.6,2,2791541.63
53,416.6,2,2658776.63
53,416.6,2,2734566.63
53,416.6,2,2855141.63
53,416.6,2,2722376.63
53,90,2,2014455.63
53,90,2,2135030.63
53,90,2,2002265.63
53,90,2,2078055.63
53,90,2,2198630.63
53,90,2,2065865.63
53,90,2,2067296.63
53,90,2,2187871.63
53,90,2,2055106.63
53,90,2,2130896.63
53,90,2,2251471.63
53,90,2,2118706.63
54,424.5,2,2463314.8
54,424.5,2,2586164.8
54,424.5,2,2450894.8
54,424.5,2,2528114.8
54,424.5,2,2650964.8
54,424.5,2,2515694.8
54,424.5,2,2517152.8
54,424.5,2,2640002.8
54,424.5,2,2504732.8
54,424.5,2,2581952.8
54,424.5,2,2704802.8
54,424.5,2,2569532.8
54,424.5,2,2667974.8
54,424.5,2,2790824.8
54,424.5,2,2655554.8
54,424.5,2,2732774.8
54,424.5,2,2855624.8
54,424.5,2,2720354.8
54,424.5,2,2721812.8
54,424.5,2,2844662.8
54,424.5,2,2709392.8
54,424.5,2,2786612.8
54,424.5,2,2909462.8
54,424.5,2,2774192.8
54,90,2,2052914.8
54,90,2,2175764.8
54,90,2,2040494.8
54,90,2,2117714.8
54,90,2,2240564.8
54,90,2,2105294.8
54,90,2,2106752.8
54,90,2,2229602.8
54,90,2,2094332.8
54,90,2,2171552.8
54,90,2,2294402.8
54,90,2,2159132.8
55,432.3,2,2508652.8
55,432.3,2,2633777.8
55,432.3,2,2496002.8
55,432.3,2,2574652.8
55,432.3,2,2699777.8
55,432.3,2,2562002.8
55,432.3,2,2563487.8
55,432.3,2,2688612.8
55,432.3,2,2550837.8
55,432.3,2,2629487.8
55,432.3,2,2754612.8
55,432.3,2,2616837.8
55,432.3,2,2717102.8
55,432.3,2,2842227.8
55,432.3,2,2704452.8
55,432.3,2,2783102.8
55,432.3,2,2908227.8
55,432.3,2,2770452.8
55,432.3,2,2771937.8
55,432.3,2,2897062.8
55,432.3,2,2759287.8
55,432.3,2,2837937.8
55,432.3,2,2963062.8
55,432.3,2,2825287.8
55,90,2,2090652.8
55,90,2,2215777.8
55,90,2,2078002.8
55,90,2,2156652.8
55,90,2,2281777.8
55,90,2,2144002.8
55,90,2,2145487.8
55,90,2,2270612.8
55,90,2,2132837.8
55,90,2,2211487.8
55,90,2,2336612.8
55,90,2,2198837.8
56,440.1,2,2553990.8
56,440.1,2,2681390.8
56,440.1,2,2541110.8
56,440.1,2,2621190.8
56,440.1,2,2748590.8
56,440.1,2,2608310.8
56,440.1,2,2609822.8
56,440.1,2,2737222.8
56,440.1,2,2596942.8
56,440.1,2,2677022.8
56,440.1,2,2804422.8
56,440.1,2,2664142.8
56,440.1,2,2766230.8
56,440.1,2,2893630.8
56,440.1,2,2753350.8
56,440.1,2,2833430.8
56,440.1,2,2960830.8
56,440.1,2,2820550.8
56,440.1,2,2822062.8
56,440.1,2,2949462.8
56,440.1,2,2809182.8
56,440.1,2,2889262.8
56,440.1,2,3016662.8
56,440.1,2,2876382.8
56,90,2,2128390.8
56,90,2,2255790.8
56,90,2,2115510.8
56,90,2,2195590.8
56,90,2,2322990.8
56,90,2,2182710.8
56,90,2,2184222.8
56,90,2,2311622.8
56,90,2,2171342.8
56,90,2,2251422.8
56,90,2,2378822.8
56,90,2,2238542.8
57,448,2,2602072.63
57,448,2,2731747.63
57,448,2,2588962.63
57,448,2,2670472.63
57,448,2,2800147.63
57,448,2,2657362.63
57,448,2,2658901.63
57,448,2,2788576.63
57,448,2,2645791.63
57,448,2,2727301.63
57,448,2,2856976.63
57,448,2,2714191.63
57,448,2,2818102.63
57,448,2,2947777.63
57,448,2,2804992.63
57,448,2,2886502.63
57,448,2,3016177.63
57,448,2,2873392.63
57,448,2,2874931.63
57,448,2,3004606.63
57,448,2,2861821.63
57,448,2,2943331.63
57,448,2,3073006.63
57,448,2,2930221.63
57,100,2,2168872.63
57,100,2,2298547.63
57,100,2,2155762.63
57,100,2,2237272.63
57,100,2,2366947.63
57,100,2,2224162.63
57,100,2,2225701.63
57,100,2,2355376.63
57,100,2,2212591.63
57,100,2,2294101.63
57,100,2,2423776.63
57,100,2,2280991.63
58,455.8,2,2647410.63
58,455.8,2,2779360.63
58,455.8,2,2634070.63
58,455.8,2,2717010.63
58,455.8,2,2848960.63
58,455.8,2,2703670.63
58,455.8,2,2705236.63
58,455.8,2,2837186.63
58,455.8,2,2691896.63
58,455.8,2,2774836.63
58,455.8,2,2906786.63
58,455.8,2,2761496.63
58,455.8,2,2867230.63
58,455.8,2,2999180.63
58,455.8,2,2853890.63
58,455.8,2,2936830.63
58,455.8,2,3068780.63
58,455.8,2,2923490.63
58,455.8,2,2925056.63
58,455.8,2,3057006.63
58,455.8,2,2911716.63
58,455.8,2,2994656.63
58,455.8,2,3126606.63
58,455.8,2,2981316.63
58,100,2,2206610.63
58,100,2,2338560.63
58,100,2,2193270.63
58,100,2,2276210.63
58,100,2,2408160.63
58,100,2,2262870.63
58,100,2,2264436.63
58,100,2,2396386.63
58,100,2,2251096.63
58,100,2,2334036.63
58,100,2,2465986.63
58,100,2,2320696.63
59,463.7,2,2692748.63
59,463.7,2,2826973.63
59,463.7,2,2679178.63
59,463.7,2,2763548.63
59,463.7,2,2897773.63
59,463.7,2,2749978.63
59,463.7,2,2751571.63
59,463.7,2,2885796.63
59,463.7,2,2738001.63
59,463.7,2,2822371.63
59,463.7,2,2956596.63
59,463.7,2,2808801.63
59,463.7,2,2916358.63
59,463.7,2,3050583.63
59,463.7,2,2902788.63
59,463.7,2,2987158.63
59,463.7,2,3121383.63
59,463.7,2,2973588.63
59,463.7,2,2975181.63
59,463.7,2,3109406.63
59,463.7,2,2961611.63
59,463.7,2,3045981.63
59,463.7,2,3180206.63
59,463.7,2,3032411.63
59,100,2,2244348.63
59,100,2,2378573.63
59,100,2,2230778.63
59,100,2,2315148.63
59,100,2,2449373.63
59,100,2,2301578.63
59,100,2,2303171.63
59,100,2,2437396.63
59,100,2,2289601.63
59,100,2,2373971.63
59,100,2,2508196.63
59,100,2,2360401.63
60,471.5,2,2738086.63
60,471.5,2,2874586.63
60,471.5,2,2724286.63
60,471.5,2,2810086.63
60,471.5,2,2946586.63
60,471.5,2,2796286.63
60,471.5,2,2797906.63
60,471.5,2,2934406.63
60,471.5,2,2784106.63
60,471.5,2,2869906.63
60,471.5,2,3006406.63
60,471.5,2,2856106.63
60,471.5,2,2965486.63
60,471.5,2,3101986.63
60,471.5,2,2951686.63
60,471.5,2,3037486.63
60,471.5,2,3173986.63
60,471.5,2,3023686.63
60,471.5,2,3025306.63
60,471.5,2,3161806.63
60,471.5,2,3011506.63
60,471.5,2,3097306.63
60,471.5,2,3233806.63
60,471.5,2,3083506.63
60,100,2,2282086.63
60,100,2,2418586.63
60,100,2,2268286.63
60,100,2,2354086.63
60,100,2,2490586.63
60,100,2,2340286.63
60,100,2,2341906.63
60,100,2,2478406.63
60,100,2,2328106.63
60,100,2,2413906.63
60,100,2,2550406.63
60,100,2,2400106.63
61,479.3,2,2783424.63
61,479.3,2,2922199.63
61,479.3,2,2769394.63
61,479.3,2,2856624.63
61,479.3,2,2995399.63
61,479.3,2,2842594.63
61,479.3,2,2844241.63
61,479.3,2,2983016.63
61,479.3,2,2830211.63
61,479.3,2,2917441.63
61,479.3,2,3056216.63
61,479.3,2,2903411.63
61,479.3,2,3014614.63
61,479.3,2,3153389.63
61,479.3,2,3000584.63
61,479.3,2,3087814.63
61,479.3,2,3226589.63
61,479.3,2,3073784.63
61,479.3,2,3075431.63
61,479.3,2,3214206.63
61,479.3,2,3061401.63
61,479.3,2,3148631.63
61,479.3,2,3287406.63
61,479.3,2,3134601.63
61,108,2,2319824.63
61,108,2,2458599.63
61,108,2,2305794.63
61,108,2,2393024.63
61,108,2,2531799.63
61,108,2,2378994.63
61,108,2,2380641.63
61,108,2,2519416.63
61,108,2,2366611.63
61,108,2,2453841.63
61,108,2,2592616.63
61,108,2,2439811.63
62,487.2,2,2828762.63
62,487.2,2,2969812.63
62,487.2,2,2814502.63
62,487.2,2,2903162.63
62,487.2,2,3044212.63
62,487.2,2,2888902.63
62,487.2,2,2890576.63
62,487.2,2,3031626.63
62,487.2,2,2876316.63
62,487.2,2,2964976.63
62,487.2,2,3106026.63
62,487.2,2,2950716.63
62,487.2,2,3063742.63
62,487.2,2,3204792.63
62,487.2,2,3049482.63
62,487.2,2,3138142.63
62,487.2,2,3279192.63
62,487.2,2,3123882.63
62,487.2,2,3125556.63
62,487.2,2,3266606.63
62,487.2,2,3111296.63
62,487.2,2,3199956.63
62,487.2,2,3341006.63
62,487.2,2,3185696.63
62,108,2,2357562.63
62,108,2,2498612.63
62,108,2,2343302.63
62,108,2,2431962.63
62,108,2,2573012.63
62,108,2,2417702.63
62,108,2,2419376.63
62,108,2,2560426.63
62,108,2,2405116.63
62,108,2,2493776.63
62,108,2,2634826.63
62,108,2,2479516.63
63,495,2,2874100.63
63,495,2,3017425.63
63,495,2,2859610.63
63,495,2,2949700.63
63,495,2,3093025.63
63,495,2,2935210.63
63,495,2,2936911.63
63,495,2,3080236.63
63,495,2,2922421.63
63,495,2,3012511.63
63,495,2,3155836.63
63,495,2,2998021.63
63,495,2,3112870.63
63,495,2,3256195.63
63,495,2,3098380.63
63,495,2,3188470.63
63,495,2,3331795.63
63,495,2,3173980.63
63,495,2,3175681.63
63,495,2,3319006.63
63,495,2,3161191.63
63,495,2,3251281.63
63,495,2,3394606.63
63,495,2,3236791.63
63,108,2,2395300.63
63,108,2,2538625.63
63,108,2,2380810.63
63,108,2,2470900.63
63,108,2,2614225.63
63,108,2,2456410.63
63,108,2,2458111.63
63,108,2,2601436.63
63,108,2,2443621.63
63,108,2,2533711.63
63,108,2,2677036.63
63,108,2,2519221.63
64,502.9,2,2919438.63
64,502.9,2,3065038.63
64,502.9,2,2904718.63
64,502.9,2,2996238.63
64,502.9,2,3141838.63
64,502.9,2,2981518.63
64,502.9,2,2983246.63
64,502.9,2,3128846.63
64,502.9,2,2968526.63
64,502.9,2,3060046.63
64,502.9,2,3205646.63
64,502.9,2,3045326.63
64,502.9,2,3161998.63
64,502.9,2,3307598.63
64,502.9,2,3147278.63
64,502.9,2,3238798.63
64,502.9,2,3384398.63
64,502.9,2,3224078.63
64,502.9,2,3225806.63
64,502.9,2,3371406.63
64,502.9,2,3211086.63
64,502.9,2,3302606.63
64,502.9,2,3448206.63
64,502.9,2,3287886.63
64,108,2,2433038.63
64,108,2,2578638.63
64,108,2,2418318.63
64,108,2,2509838.63
64,108,2,2655438.63
64,108,2,2495118.63
64,108,2,2496846.63
64,108,2,2642446.63
64,108,2,2482126.63
64,108,2,2573646.63
64,108,2,2719246.63
64,108,2,2558926.63
65,510.7,2,2966453.03
65,510.7,2,3114328.03
65,510.7,2,2951503.03
65,510.7,2,3044453.03
65,510.7,2,3192328.03
65,510.7,2,3029503.03
65,510.7,2,3031258.03
65,510.7,2,3179133.03
65,510.7,2,3016308.03
65,510.7,2,3109258.03
65,510.7,2,3257133.03
65,510.7,2,3094308.03
65,510.7,2,3212803.03
65,510.7,2,3360678.03
65,510.7,2,3197853.03
65,510.7,2,3290803.03
65,510.7,2,3438678.03
65,510.7,2,3275853.03
65,510.7,2,3277608.03
65,510.7,2,3425483.03
65,510.7,2,3262658.03
65,510.7,2,3355608.03
65,510.7,2,3503483.03
65,510.7,2,3340658.03
65,108,2,2472453.03
65,108,2,2620328.03
65,108,2,2457503.03
65,108,2,2550453.03
65,108,2,2698328.03
65,108,2,2535503.03
65,108,2,2537258.03
65,108,2,2685133.03
65,108,2,2522308.03
65,108,2,2615258.03
65,108,2,2763133.03
65,108,2,2600308.03
66,518.6,2,3011791.03
66,518.6,2,3161941.03
66,518.6,2,2996611.03
66,518.6,2,3090991.03
66,518.6,2,3241141.03
66,518.6,2,3075811.03
66,518.6,2,3077593.03
66,518.6,2,3227743.03
66,518.6,2,3062413.03
66,518.6,2,3156793.03
66,518.6,2,3306943.03
66,518.6,2,3141613.03
66,518.6,2,3261931.03
66,518.6,2,3412081.03
66,518.6,2,3246751.03
66,518.6,2,3341131.03
66,518.6,2,3491281.03
66,518.6,2,3325951.03
66,518.6,2,3327733.03
66,518.6,2,3477883.03
66,518.6,2,3312553.03
66,518.6,2,3406933.03
66,518.6,2,3557083.03
66,518.6,2,3391753.03
66,110,2,2510191.03
66,110,2,2660341.03
66,110,2,2495011.03
66,110,2,2589391.03
66,110,2,2739541.03
66,110,2,2574211.03
66,110,2,2575993.03
66,110,2,2726143.03
66,110,2,2560813.03
66,110,2,2655193.03
66,110,2,2805343.03
66,110,2,2640013.03
67,526.4,2,3057129.03
67,526.4,2,3209554.03
67,526.4,2,3041719.03
67,526.4,2,3137529.03
67,526.4,2,3289954.03
67,526.4,2,3122119.03
67,526.4,2,3123928.03
67,526.4,2,3276353.03
67,526.4,2,3108518.03
67,526.4,2,3204328.03
67,526.4,2,3356753.03
67,526.4,2,3188918.03
67,526.4,2,3311059.03
67,526.4,2,3463484.03
67,526.4,2,3295649.03
67,526.4,2,3391459.03
67,526.4,2,3543884.03
67,526.4,2,3376049.03
67,526.4,2,3377858.03
67,526.4,2,3530283.03
67,526.4,2,3362448.03
67,526.4,2,3458258.03
67,526.4,2,3610683.03
67,526.4,2,3442848.03
67,110,2,2547929.03
67,110,2,2700354.03
67,110,2,2532519.03
67,110,2,2628329.03
67,110,2,2780754.03
67,110,2,2612919.03
67,110,2,2614728.03
67,110,2,2767153.03
67,110,2,2599318.03
67,110,2,2695128.03
67,110,2,2847553.03
67,110,2,2679718.03
68,534.2,2,3102467.03
68,534.2,2,3257167.03
68,534.2,2,3086827.03
68,534.2,2,3184067.03
68,534.2,2,3338767.03
68,534.2,2,3168427.03
68,534.2,2,3170263.03
68,534.2,2,3324963.03
68,534.2,2,3154623.03
68,534.2,2,3251863.03
68,534.2,2,3406563.03
68,534.2,2,3236223.03
68,534.2,2,3360187.03
68,534.2,2,3514887.03
68,534.2,2,3344547.03
68,534.2,2,3441787.03
68,534.2,2,3596487.03
68,534.2,2,3426147.03
68,534.2,2,3427983.03
68,534.2,2,3582683.03
68,534.2,2,3412343.03
68,534.2,2,3509583.03
68,534.2,2,3664283.03
68,534.2,2,3493943.03
68,110,2,2585667.03
68,110,2,2740367.03
68,110,2,2570027.03
68,110,2,2667267.03
68,110,2,2821967.03
68,110,2,2651627.03
68,110,2,2653463.03
68,110,2,2808163.03
68,110,2,2637823.03
68,110,2,2735063.03
68,110,2,2889763.03
68,110,2,2719423.03
69,542.1,2,3147805.03
69,542.1,2,3304780.03
69,542.1,2,3131935.03
69,542.1,2,3230605.03
69,542.1,2,3387580.03
69,542.1,2,3214735.03
69,542.1,2,3216598.03
69,542.1,2,3373573.03
69,542.1,2,3200728.03
69,542.1,2,3299398.03
69,542.1,2,3456373.03
69,542.1,2,3283528.03
69,542.1,2,3409315.03
69,542.1,2,3566290.03
69,542.1,2,3393445.03
69,542.1,2,3492115.03
69,542.1,2,3649090.03
69,542.1,2,3476245.03
69,542.1,2,3478108.03
69,542.1,2,3635083.03
69,542.1,2,3462238.03
69,542.1,2,3560908.03
69,542.1,2,3717883.03
69,542.1,2,3545038.03
69,110,2,2623405.03
69,110,2,2780380.03
69,110,2,2607535.03
69,110,2,2706205.03
69,110,2,2863180.03
69,110,2,2690335.03
69,110,2,2692198.03
69,110,2,2849173.03
69,110,2,2676328.03
69,110,2,2774998.03
69,110,2,2931973.03
69,110,2,2759128.03
70,549.9,2,3193143.03
70,549.9,2,3352393.03
70,549.9,2,3177043.03
70,549.9,2,3277143.03
70,549.9,2,3436393.03
70,549.9,2,3261043.03
70,549.9,2,3262933.03
70,549.9,2,3422183.03
70,549.9,2,3246833.03
70,549.9,2,3346933.03
70,549.9,2,3506183.03
70,549.9,2,3330833.03
70,549.9,2,3458443.03
70,549.9,2,3617693.03
70,549.9,2,3442343.03
70,549.9,2,3542443.03
70,549.9,2,3701693.03
70,549.9,2,3526343.03
70,549.9,2,3528233.03
70,549.9,2,3687483.03
70,549.9,2,3512133.03
70,549.9,2,3612233.03
70,549.9,2,3771483.03
70,549.9,2,3596133.03
70,110,2,2661143.03
70,110,2,2820393.03
70,110,2,2645043.03
70,110,2,2745143.03
70,110,2,2904393.03
70,110,2,2729043.03
70,110,2,2730933.03
70,110,2,2890183.03
70,110,2,2714833.03
70,110,2,2814933.03
70,110,2,2974183.03
70,110,2,2798833.03
71,557.8,2,3238481.03
71,557.8,2,3400006.03
71,557.8,2,3222151.03
71,557.8,2,3323681.03
71,557.8,2,3485206.03
71,557.8,2,3307351.03
71,557.8,2,3309268.03
71,557.8,2,3470793.03
71,557.8,2,3292938.03
71,557.8,2,3394468.03
71,557.8,2,3555993.03
71,557.8,2,3378138.03
71,557.8,2,3507571.03
71,557.8,2,3669096.03
71,557.8,2,3491241.03
71,557.8,2,3592771.03
71,557.8,2,3754296.03
71,557.8,2,3576441.03
71,557.8,2,3578358.03
71,557.8,2,3739883.03
71,557.8,2,3562028.03
71,557.8,2,3663558.03
71,557.8,2,3825083.03
71,557.8,2,3647228.03
71,117,2,2698881.03
71,117,2,2860406.03
71,117,2,2682551.03
71,117,2,2784081.03
71,117,2,2945606.03
71,117,2,2767751.03
71,117,2,2769668.03
71,117,2,2931193.03
71,117,2,2753338.03
71,117,2,2854868.03
71,117,2,3016393.03
71,117,2,2838538.03
72,565.6,2,3283819.03
72,565.6,2,3447619.03
72,565.6,2,3267259.03
72,565.6,2,3370219.03
72,565.6,2,3534019.03
72,565.6,2,3353659.03
72,565.6,2,3355603.03
72,565.6,2,3519403.03
72,565.6,2,3339043.03
72,565.6,2,3442003.03
72,565.6,2,3605803.03
72,565.6,2,3425443.03
72,565.6,2,3556699.03
72,565.6,2,3720499.03
72,565.6,2,3540139.03
72,565.6,2,3643099.03
72,565.6,2,3806899.03
72,565.6,2,3626539.03
72,565.6,2,3628483.03
72,565.6,2,3792283.03
72,565.6,2,3611923.03
72,565.6,2,3714883.03
72,565.6,2,3878683.03
72,565.6,2,3698323.03
72,117,2,2736619.03
72,117,2,2900419.03
72,117,2,2720059.03
72,117,2,2823019.03
72,117,2,2986819.03
72,117,2,2806459.03
72,117,2,2808403.03
72,117,2,2972203.03
72,117,2,2791843.03
72,117,2,2894803.03
72,117,2,3058603.03
72,117,2,2878243.03
73,573.4,2,3337307.26
73,573.4,2,3503382.26
73,573.4,2,3320517.26
73,573.4,2,3424907.26
73,573.4,2,3590982.26
73,573.4,2,3408117.26
73,573.4,2,3410088.26
73,573.4,2,3576163.26
73,573.4,2,3393298.26
73,573.4,2,3497688.26
73,573.4,2,3663763.26
73,573.4,2,3480898.26
73,573.4,2,3613977.26
73,573.4,2,3780052.26
73,573.4,2,3597187.26
73,573.4,2,3701577.26
73,573.4,2,3867652.26
73,573.4,2,3684787.26
73,573.4,2,3686758.26
73,573.4,2,3852833.26
73,573.4,2,3669968.26
73,573.4,2,3774358.26
73,573.4,2,3940433.26
73,573.4,2,3757568.26
73,117,2,2782507.26
73,117,2,2948582.26
73,117,2,2765717.26
73,117,2,2870107.26
73,117,2,3036182.26
73,117,2,2853317.26
73,117,2,2855288.26
73,117,2,3021363.26
73,117,2,2838498.26
73,117,2,2942888.26
73,117,2,3108963.26
73,117,2,2926098.26
74,581.3,2,3382645.26
74,581.3,2,3550995.26
74,581.3,2,3365625.26
74,581.3,2,3471445.26
74,581.3,2,3639795.26
74,581.3,2,3454425.26
74,581.3,2,3456423.26
74,581.3,2,3624773.26
74,581.3,2,3439403.26
74,581.3,2,3545223.26
74,581.3,2,3713573.26
74,581.3,2,3528203.26
74,581.3,2,3663105.26
74,581.3,2,3831455.26
74,581.3,2,3646085.26
74,581.3,2,3751905.26
74,581.3,2,3920255.26
74,581.3,2,3734885.26
74,581.3,2,3736883.26
74,581.3,2,3905233.26
74,581.3,2,3719863.26
74,581.3,2,3825683.26
74,581.3,2,3994033.26
74,581.3,2,3808663.26
74,117,2,2820245.26
74,117,2,2988595.26
74,117,2,2803225.26
74,117,2,2909045.26
74,117,2,3077395.26
74,117,2,2892025.26
74,117,2,2894023.26
74,117,2,3062373.26
74,117,2,2877003.26
74,117,2,2982823.26
74,117,2,3151173.26
74,117,2,2965803.26
75,589.1,2,3427983.26
75,589.1,2,3598608.26
75,589.1,2,3410733.26
75,589.1,2,3517983.26
75,589.1,2,3688608.26
75,589.1,2,3500733.26
75,589.1,2,3502758.26
75,589.1,2,3673383.26
75,589.1,2,3485508.26
75,589.1,2,3592758.26
75,589.1,2,3763383.26
75,589.1,2,3575508.26
75,589.1,2,3712233.26
75,589.1,2,3882858.26
75,589.1,2,3694983.26
75,589.1,2,3802233.26
75,589.1,2,3972858.26
75,589.1,2,3784983.26
75,589.1,2,3787008.26
75,589.1,2,3957633.26
75,589.1,2,3769758.26
75,589.1,2,3877008.26
75,589.1,2,4047633.26
75,589.1,2,3859758.26
75,117,2,2857983.26
75,117,2,3028608.26
75,117,2,2840733.26
75,117,2,2947983.26
75,117,2,3118608.26
75,117,2,2930733.26
75,117,2,2932758.26
75,117,2,3103383.26
75,117,2,2915508.26
75,117,2,3022758.26
75,117,2,3193383.26
75,117,2,3005508.26
76,596.9,2,3473321.26
76,596.9,2,3646221.26
76,596.9,2,3455841.26
76,596.9,2,3564521.26
76,596.9,2,3737421.26
76,596.9,2,3547041.26
76,596.9,2,3549093.26
76,596.9,2,3721993.26
76,596.9,2,3531613.26
76,596.9,2,3640293.26
76,596.9,2,3813193.26
76,596.9,2,3622813.26
76,596.9,2,3761361.26
76,596.9,2,3934261.26
76,596.9,2,3743881.26
76,596.9,2,3852561.26
76,596.9,2,4025461.26
76,596.9,2,3835081.26
76,596.9,2,3837133.26
76,596.9,2,4010033.26
76,596.9,2,3819653.26
76,596.9,2,3928333.26
76,596.9,2,4101233.26
76,596.9,2,3910853.26
76,120,2,2895721.26
76,120,2,3068621.26
76,120,2,2878241.26
76,120,2,2986921.26
76,120,2,3159821.26
76,120,2,2969441.26
76,120,2,2971493.26
76,120,2,3144393.26
76,120,2,2954013.26
76,120,2,3062693.26
76,120,2,3235593.26
76,120,2,3045213.26
77,604.8,2,3518659.26
77,604.8,2,3693834.26
77,604.8,2,3500949.26
77,604.8,2,3611059.26
77,604.8,2,3786234.26
77,604.8,2,3593349.26
77,604.8,2,3595428.26
77,604.8,2,3770603.26
77,604.8,2,3577718.26
77,604.8,2,3687828.26
77,604.8,2,3863003.26
77,604.8,2,3670118.26
77,604.8,2,3810489.26
77,604.8,2,3985664.26
77,604.8,2,3792779.26
77,604.8,2,3902889.26
77,604.8,2,4078064.26
77,604.8,2,3885179.26
77,604.8,2,3887258.26
77,604.8,2,4062433.26
77,604.8,2,3869548.26
77,604.8,2,3979658.26
77,604.8,2,4154833.26
77,604.8,2,3961948.26
77,120,2,2933459.26
77,120,2,3108634.26
77,120,2,2915749.26
77,120,2,3025859.26
77,120,2,3201034.26
77,120,2,3008149.26
77,120,2,3010228.26
77,120,2,3185403.26
77,120,2,2992518.26
77,120,2,3102628.26
77,120,2,3277803.26
77,120,2,3084918.26
78,612.6,2,3563997.26
78,612.6,2,3741447.26
78,612.6,2,3546057.26
78,612.6,2,3657597.26
78,612.6,2,3835047.26
78,612.6,2,3639657.26
78,612.6,2,3641763.26
78,612.6,2,3819213.26
78,612.6,2,3623823.26
78,612.6,2,3735363.26
78,612.6,2,3912813.26
78,612.6,2,3717423.26
78,612.6,2,3859617.26
78,612.6,2,4037067.26
78,612.6,2,3841677.26
78,612.6,2,3953217.26
78,612.6,2,4130667.26
78,612.6,2,3935277.26
78,612.6,2,3937383.26
78,612.6,2,4114833.26
78,612.6,2,3919443.26
78,612.6,2,4030983.26
78,612.6,2,4208433.26
78,612.6,2,4013043.26
78,120,2,2971197.26
78,120,2,3148647.26
78,120,2,2953257.26
78,120,2,3064797.26
78,120,2,3242247.26
78,120,2,3046857.26
78,120,2,3048963.26
78,120,2,3226413.26
78,120,2,3031023.26
78,120,2,3142563.26
78,120,2,3320013.26
78,120,2,3124623.26
79,620.5,2,3609335.26
79,620.5,2,3789060.26
79,620.5,2,3591165.26
79,620.5,2,3704135.26
79,620.5,2,3883860.26
79,620.5,2,3685965.26
79,620.5,2,3688098.26
79,620.5,2,3867823.26
79,620.5,2,3669928.26
79,620.5,2,3782898.26
79,620.5,2,3962623.26
79,620.5,2,3764728.26
79,620.5,2,3908745.26
79,620.5,2,4088470.26
79,620.5,2,3890575.26
79,620.5,2,4003545.26
79,620.5,2,4183270.26
79,620.5,2,3985375.26
79,620.5,2,3987508.26
79,620.5,2,4167233.26
79,620.5,2,3969338.26
79,620.5,2,4082308.26
79,620.5,2,4262033.26
79,620.5,2,4064138.26
79,120,2,3008935.26
79,120,2,3188660.26
79,120,2,2990765.26
79,120,2,3103735.26
79,120,2,3283460.26
79,120,2,3085565.26
79,120,2,3087698.26
79,120,2,3267423.26
79,120,2,3069528.26
79,120,2,3182498.26
79,120,2,3362223.26
79,120,2,3164328.26
80,628.3,2,3654673.26
80,628.3,2,3836673.26
80,628.3,2,3636273.26
80,628.3,2,3750673.26
80,628.3,2,3932673.26
80,628.3,2,3732273.26
80,628.3,2,3734433.26
80,628.3,2,3916433.26
80,628.3,2,3716033.26
80,628.3,2,3830433.26
80,628.3,2,4012433.26
80,628.3,2,3812033.26
80,628.3,2,3957873.26
80,628.3,2,4139873.26
80,628.3,2,3939473.26
80,628.3,2,4053873.26
80,628.3,2,4235873.26
80,628.3,2,4035473.26
80,628.3,2,4037633.26
80,628.3,2,4219633.26
80,628.3,2,4019233.26
80,628.3,2,4133633.26
80,628.3,2,4315633.26
80,628.3,2,4115233.26
80,120,2,3046673.26
80,120,2,3228673.26
80,120,2,3028273.26
80,120,2,3142673.26
80,120,2,3324673.26
80,120,2,3124273.26
80,120,2,3126433.26
80,120,2,3308433.26
80,120,2,3108033.26
80,120,2,3222433.26
80,120,2,3404433.26
80,120,2,3204033.26
81,636.1,2,3700011.26
81,636.1,2,3884286.26
81,636.1,2,3681381.26
81,636.1,2,3797211.26
81,636.1,2,3981486.26
81,636.1,2,3778581.26
81,636.1,2,3780768.26
81,636.1,2,3965043.26
81,636.1,2,3762138.26
81,636.1,2,3877968.26
81,636.1,2,4062243.26
81,636.1,2,3859338.26
81,636.1,2,4007001.26
81,636.1,2,4191276.26
81,636.1,2,3988371.26
81,636.1,2,4104201.26
81,636.1,2,4288476.26
81,636.1,2,4085571.26
81,636.1,2,4087758.26
81,636.1,2,4272033.26
81,636.1,2,4069128.26
81,636.1,2,4184958.26
81,636.1,2,4369233.26
81,636.1,2,4166328.26
81,130,2,3084411.26
81,130,2,3268686.26
81,130,2,3065781.26
81,130,2,3181611.26
81,130,2,3365886.26
81,130,2,3162981.26
81,130,2,3165168.26
81,130,2,3349443.26
81,130,2,3146538.26
81,130,2,3262368.26
81,130,2,3446643.26
81,130,2,3243738.26
82,644,2,3745349.26
82,644,2,3931899.26
82,644,2,3726489.26
82,644,2,3843749.26
82,644,2,4030299.26
82,644,2,3824889.26
82,644,2,3827103.26
82,644,2,4013653.26
82,644,2,3808243.26
82,644,2,3925503.26
82,644,2,4112053.26
82,644,2,3906643.26
82,644,2,4056129.26
82,644,2,4242679.26
82,644,2,4037269.26
82,644,2,4154529.26
82,644,2,4341079.26
82,644,2,4135669.26
82,644,2,4137883.26
82,644,2,4324433.26
82,644,2,4119023.26
82,644,2,4236283.26
82,644,2,4422833.26
82,644,2,4217423.26
82,130,2,3122149.26
82,130,2,3308699.26
82,130,2,3103289.26
82,130,2,3220549.26
82,130,2,3407099.26
82,130,2,3201689.26
82,130,2,3203903.26
82,130,2,3390453.26
82,130,2,3185043.26
82,130,2,3302303.26
82,130,2,3488853.26
82,130,2,3283443.26
83,651.8,2,3790687.26
83,651.8,2,3979512.26
83,651.8,2,3771597.26
83,651.8,2,3890287.26
83,651.8,2,4079112.26
83,651.8,2,3871197.26
83,651.8,2,3873438.26
83,651.8,2,4062263.26
83,651.8,2,3854348.26
83,651.8,2,3973038.26
83,651.8,2,4161863.26
83,651.8,2,3953948.26
83,651.8,2,4105257.26
83,651.8,2,4294082.26
83,651.8,2,4086167.26
83,651.8,2,4204857.26
83,651.8,2,4393682.26
83,651.8,2,4185767.26
83,651.8,2,4188008.26
83,651.8,2,4376833.26
83,651.8,2,4168918.26
83,651.8,2,4287608.26
83,651.8,2,4476433.26
83,651.8,2,4268518.26
83,130,2,3159887.26
83,130,2,3348712.26
83,130,2,3140797.26
83,130,2,3259487.26
83,130,2,3448312.26
83,130,2,3240397.26
83,130,2,3242638.26
83,130,2,3431463.26
83,130,2,3223548.26
83,130,2,3342238.26
83,130,2,3531063.26
83,130,2,3323148.26
84,659.7,2,3836025.26
84,659.7,2,4027125.26
84,659.7,2,3816705.26
84,659.7,2,3936825.26
84,659.7,2,4127925.26
84,659.7,2,3917505.26
84,659.7,2,3919773.26
84,659.7,2,4110873.26
84,659.7,2,3900453.26
84,659.7,2,4020573.26
84,659.7,2,4211673.26
84,659.7,2,4001253.26
84,659.7,2,4154385.26
84,659.7,2,4345485.26
84,659.7,2,4135065.26
84,659.7,2,4255185.26
84,659.7,2,4446285.26
84,659.7,2,4235865.26
84,659.7,2,4238133.26
84,659.7,2,4429233.26
84,659.7,2,4218813.26
84,659.7,2,4338933.26
84,659.7,2,4530033.26
84,659.7,2,4319613.26
84,130,2,3197625.26
84,130,2,3388725.26
84,130,2,3178305.26
84,130,2,3298425.26
84,130,2,3489525.26
84,130,2,3279105.26
84,130,2,3281373.26
84,130,2,3472473.26
84,130,2,3262053.26
84,130,2,3382173.26
84,130,2,3573273.26
84,130,2,3362853.26
85,667.5,2,3881363.26
85,667.5,2,4074738.26
85,667.5,2,3861813.26
85,667.5,2,3983363.26
85,667.5,2,4176738.26
85,667.5,2,3963813.26
85,667.5,2,3966108.26
85,667.5,2,4159483.26
85,667.5,2,3946558.26
85,667.5,2,4068108.26
85,667.5,2,4261483.26
85,667.5,2,4048558.26
85,667.5,2,4203513.26
85,667.5,2,4396888.26
85,667.5,2,4183963.26
85,667.5,2,4305513.26
85,667.5,2,4498888.26
85,667.5,2,4285963.26
85,667.5,2,4288258.26
85,667.5,2,4481633.26
85,667.5,2,4268708.26
85,667.5,2,4390258.26
85,667.5,2,4583633.26
85,667.5,2,4370708.26
85,130,2,3235363.26
85,130,2,3428738.26
85,130,2,3215813.26
85,130,2,3337363.26
85,130,2,3530738.26
85,130,2,3317813.26
85,130,2,3320108.26
85,130,2,3513483.26
85,130,2,3300558.26
85,130,2,3422108.26
85,130,2,3615483.26
85,130,2,3402558.26
86,675.3,2,3926701.26
86,675.3,2,4122351.26
86,675.3,2,3906921.26
86,675.3,2,4029901.26
86,675.3,2,4225551.26
86,675.3,2,4010121.26
86,675.3,2,4012443.26
86,675.3,2,4208093.26
86,675.3,2,3992663.26
86,675.3,2,4115643.26
86,675.3,2,4311293.26
86,675.3,2,4095863.26
86,675.3,2,4252641.26
86,675.3,2,4448291.26
86,675.3,2,4232861.26
86,675.3,2,4355841.26
86,675.3,2,4551491.26
86,675.3,2,4336061.26
86,675.3,2,4338383.26
86,675.3,2,4534033.26
86,675.3,2,4318603.26
86,675.3,2,4441583.26
86,675.3,2,4637233.26
86,675.3,2,4421803.26
86,140,2,3273101.26
86,140,2,3468751.26
86,140,2,3253321.26
86,140,2,3376301.26
86,140,2,3571951.26
86,140,2,3356521.26
86,140,2,3358843.26
86,140,2,3554493.26
86,140,2,3339063.26
86,140,2,3462043.26
86,140,2,3657693.26
86,140,2,3442263.26
87,683.2,2,3972039.26
87,683.2,2,4169964.26
87,683.2,2,3952029.26
87,683.2,2,4076439.26
87,683.2,2,4274364.26
87,683.2,2,4056429.26
87,683.2,2,4058778.26
87,683.2,2,4256703.26
87,683.2,2,4038768.26
87,683.2,2,4163178.26
87,683.2,2,4361103.26
87,683.2,2,4143168.26
87,683.2,2,4301769.26
87,683.2,2,4499694.26
87,683.2,2,4281759.26
87,683.2,2,4406169.26
87,683.2,2,4604094.26
87,683.2,2,4386159.26
87,683.2,2,4388508.26
87,683.2,2,4586433.26
87,683.2,2,4368498.26
87,683.2,2,4492908.26
87,683.2,2,4690833.26
87,683.2,2,4472898.26
87,140,2,3310839.26
87,140,2,3508764.26
87,140,2,3290829.26
87,140,2,3415239.26
87,140,2,3613164.26
87,140,2,3395229.26
87,140,2,3397578.26
87,140,2,3595503.26
87,140,2,3377568.26
87,140,2,3501978.26
87,140,2,3699903.26
87,140,2,3481968.26
88,691,2,4017377.26
88,691,2,4217577.26
88,691,2,3997137.26
88,691,2,4122977.26
88,691,2,4323177.26
88,691,2,4102737.26
88,691,2,4105113.26
88,691,2,4305313.26
88,691,2,4084873.26
88,691,2,4210713.26
88,691,2,4410913.26
88,691,2,4190473.26
88,691,2,4350897.26
88,691,2,4551097.26
88,691,2,4330657.26
88,691,2,4456497.26
88,691,2,4656697.26
88,691,2,4436257.26
88,691,2,4438633.26
88,691,2,4638833.26
88,691,2,4418393.26
88,691,2,4544233.26
88,691,2,4744433.26
88,691,2,4523993.26
88,140,2,3348577.26
88,140,2,3548777.26
88,140,2,3328337.26
88,140,2,3454177.26
88,140,2,3654377.26
88,140,2,3433937.26
88,140,2,3436313.26
88,140,2,3636513.26
88,140,2,3416073.26
88,140,2,3541913.26
88,140,2,3742113.26
88,140,2,3521673.26
89,698.9,2,4062715.26
89,698.9,2,4265190.26
89,698.9,2,4042245.26
89,698.9,2,4169515.26
89,698.9,2,4371990.26
89,698.9,2,4149045.26
89,698.9,2,4151448.26
89,698.9,2,4353923.26
89,698.9,2,4130978.26
89,698.9,2,4258248.26
89,698.9,2,4460723.26
89,698.9,2,4237778.26
89,698.9,2,4400025.26
89,698.9,2,4602500.26
89,698.9,2,4379555.26
89,698.9,2,4506825.26
89,698.9,2,4709300.26
89,698.9,2,4486355.26
89,698.9,2,4488758.26
89,698.9,2,4691233.26
89,698.9,2,4468288.26
89,698.9,2,4595558.26
89,698.9,2,4798033.26
89,698.9,2,4575088.26
89,140,2,3386315.26
89,140,2,3588790.26
89,140,2,3365845.26
89,140,2,3493115.26
89,140,2,3695590.26
89,140,2,3472645.26
89,140,2,3475048.26
89,140,2,3677523.26
89,140,2,3454578.26
89,140,2,3581848.26
89,140,2,3784323.26
89,140,2,3561378.26
90,706.7,2,4108053.26
90,706.7,2,4312803.26
90,706.7,2,4087353.26
90,706.7,2,4216053.26
90,706.7,2,4420803.26
90,706.7,2,4195353.26
90,706.7,2,4197783.26
90,706.7,2,4402533.26
90,706.7,2,4177083.26
90,706.7,2,4305783.26
90,706.7,2,4510533.26
90,706.7,2,4285083.26
90,706.7,2,4449153.26
90,706.7,2,4653903.26
90,706.7,2,4428453.26
90,706.7,2,4557153.26
90,706.7,2,4761903.26
90,706.7,2,4536453.26
90,706.7,2,4538883.26
90,706.7,2,4743633.26
90,706.7,2,4518183.26
90,706.7,2,4646883.26
90,706.7,2,4851633.26
90,706.7,2,4626183.26
90,140,2,3424053.26
90,140,2,3628803.26
90,140,2,3403353.26
90,140,2,3532053.26
90,140,2,3736803.26
90,140,2,3511353.26
90,140,2,3513783.26
90,140,2,3718533.26
90,140,2,3493083.26
90,140,2,3621783.26
90,140,2,3826533.26
90,140,2,3601083.26
91,714.5,2,4153391.26
91,714.5,2,4360416.26
91,714.5,2,4132461.26
91,714.5,2,4262591.26
91,714.5,2,4469616.26
91,714.5,2,4241661.26
91,714.5,2,4244118.26
91,714.5,2,4451143.26
91,714.5,2,4223188.26
91,714.5,2,4353318.26
91,714.5,2,4560343.26
91,714.5,2,4332388.26
91,714.5,2,4498281.26
91,714.5,2,4705306.26
91,714.5,2,4477351.26
91,714.5,2,4607481.26
91,714.5,2,4814506.26
91,714.5,2,4586551.26
91,714.5,2,4589008.26
91,714.5,2,4796033.26
91,714.5,2,4568078.26
91,714.5,2,4698208.26
91,714.5,2,4905233.26
91,714.5,2,4677278.26
91,140,2,3461791.26
91,140,2,3668816.26
91,140,2,3440861.26
91,140,2,3570991.26
91,140,2,3778016.26
91,140,2,3550061.26
91,140,2,3552518.26
91,140,2,3759543.26
91,140,2,3531588.26
91,140,2,3661718.26
91,140,2,3868743.26
91,140,2,3640788.26
92,722.4,2,4198729.26
92,722.4,2,4408029.26
92,722.4,2,4177569.26
92,722.4,2,4309129.26
92,722.4,2,4518429.26
92,722.4,2,4287969.26
92,722.4,2,4290453.26
92,722.4,2,4499753.26
92,722.4,2,4269293.26
92,722.4,2,4400853.26
92,722.4,2,4610153.26
92,722.4,2,4379693.26
92,722.4,2,4547409.26
92,722.4,2,4756709.26
92,722.4,2,4526249.26
92,722.4,2,4657809.26
92,722.4,2,4867109.26
92,722.4,2,4636649.26
92,722.4,2,4639133.26
92,722.4,2,4848433.26
92,722.4,2,4617973.26
92,722.4,2,4749533.26
92,722.4,2,4958833.26
92,722.4,2,4728373.26
92,140,2,3499529.26
92,140,2,3708829.26
92,140,2,3478369.26
92,140,2,3609929.26
92,140,2,3819229.26
92,140,2,3588769.26
92,140,2,3591253.26
92,140,2,3800553.26
92,140,2,3570093.26
92,140,2,3701653.26
92,140,2,3910953.26
92,140,2,3680493.26
93,730.2,2,4244067.26
93,730.2,2,4455642.26
93,730.2,2,4222677.26
93,730.2,2,4355667.26
93,730.2,2,4567242.26
93,730.2,2,4334277.26
93,730.2,2,4336788.26
93,730.2,2,4548363.26
93,730.2,2,4315398.26
93,730.2,2,4448388.26
93,730.2,2,4659963.26
93,730.2,2,4426998.26
93,730.2,2,4596537.26
93,730.2,2,4808112.26
93,730.2,2,4575147.26
93,730.2,2,4708137.26
93,730.2,2,4919712.26
93,730.2,2,4686747.26
93,730.2,2,4689258.26
93,730.2,2,4900833.26
93,730.2,2,4667868.26
93,730.2,2,4800858.26
93,730.2,2,5012433.26
93,730.2,2,4779468.26
93,140,2,3537267.26
93,140,2,3748842.26
93,140,2,3515877.26
93,140,2,3648867.26
93,140,2,3860442.26
93,140,2,3627477.26
93,140,2,3629988.26
93,140,2,3841563.26
93,140,2,3608598.26
93,140,2,3741588.26
93,140,2,3953163.26
93,140,2,3720198.26
94,738.1,2,4289405.26
94,738.1,2,4503255.26
94,738.1,2,4267785.26
94,738.1,2,4402205.26
94,738.1,2,4616055.26
94,738.1,2,4380585.26
94,738.1,2,4383123.26
94,738.1,2,4596973.26
94,738.1,2,4361503.26
94,738.1,2,4495923.26
94,738.1,2,4709773.26
94,738.1,2,4474303.26
94,738.1,2,4645665.26
94,738.1,2,4859515.26
94,738.1,2,4624045.26
94,738.1,2,4758465.26
94,738.1,2,4972315.26
94,738.1,2,4736845.26
94,738.1,2,4739383.26
94,738.1,2,4953233.26
94,738.1,2,4717763.26
94,738.1,2,4852183.26
94,738.1,2,5066033.26
94,738.1,2,4830563.26
94,140,2,3575005.26
94,140,2,3788855.26
94,140,2,3553385.26
94,140,2,3687805.26
94,140,2,3901655.26
94,140,2,3666185.26
94,140,2,3668723.26
94,140,2,3882573.26
94,140,2,3647103.26
94,140,2,3781523.26
94,140,2,3995373.26
94,140,2,3759903.26
95,745.9,2,4334743.26
95,745.9,2,4550868.26
95,745.9,2,4312893.26
95,745.9,2,4448743.26
95,745.9,2,4664868.26
95,745.9,2,4426893.26
95,745.9,2,4429458.26
95,745.9,2,4645583.26
95,745.9,2,4407608.26
95,745.9,2,4543458.26
95,745.9,2,4759583.26
95,745.9,2,4521608.26
95,745.9,2,4694793.26
95,745.9,2,4910918.26
95,745.9,2,4672943.26
95,745.9,2,4808793.26
95,745.9,2,5024918.26
95,745.9,2,4786943.26
95,745.9,2,4789508.26
95,745.9,2,5005633.26
95,745.9,2,4767658.26
95,745.9,2,4903508.26
95,745.9,2,5119633.26
95,745.9,2,4881658.26
95,140,2,3612743.26
95,140,2,3828868.26
95,140,2,3590893.26
95,140,2,3726743.26
95,140,2,3942868.26
95,140,2,3704893.26
95,140,2,3707458.26
95,140,2,3923583.26
95,140,2,3685608.26
95,140,2,3821458.26
95,140,2,4037583.26
95,140,2,3799608.26
96,753.7,2,4380081.26
96,753.7,2,4598481.26
96,753.7,2,4358001.26
96,753.7,2,4495281.26
96,753.7,2,4713681.26
96,753.7,2,4473201.26
96,753.7,2,4475793.26
96,753.7,2,4694193.26
96,753.7,2,4453713.26
96,753.7,2,4590993.26
96,753.7,2,4809393.26
96,753.7,2,4568913.26
96,753.7,2,4743921.26
96,753.7,2,4962321.26
96,753.7,2,4721841.26
96,753.7,2,4859121.26
96,753.7,2,5077521.26
96,753.7,2,4837041.26
96,753.7,2,4839633.26
96,753.7,2,5058033.26
96,753.7,2,4817553.26
96,753.7,2,4954833.26
96,753.7,2,5173233.26
96,753.7,2,4932753.26
96,140,2,3650481.26
96,140,2,3868881.26
96,140,2,3628401.26
96,140,2,3765681.26
96,140,2,3984081.26
96,140,2,3743601.26
96,140,2,3746193.26
96,140,2,3964593.26
96,140,2,3724113.26
96,140,2,3861393.26
96,140,2,4079793.26
96,140,2,3839313.26
97,761.6,2,4425944.26
97,761.6,2,4646619.26
97,761.6,2,4403634.26
97,761.6,2,4542344.26
97,761.6,2,4763019.26
97,761.6,2,4520034.26
97,761.6,2,4522653.26
97,761.6,2,4743328.26
97,761.6,2,4500343.26
97,761.6,2,4639053.26
97,761.6,2,4859728.26
97,761.6,2,4616743.26
97,761.6,2,4793574.26
97,761.6,2,5014249.26
97,761.6,2,4771264.26
97,761.6,2,4909974.26
97,761.6,2,5130649.26
97,761.6,2,4887664.26
97,761.6,2,4890283.26
97,761.6,2,5110958.26
97,761.6,2,4867973.26
97,761.6,2,5006683.26
97,761.6,2,5227358.26
97,761.6,2,4984373.26
97,144,2,3688744.26
97,144,2,3909419.26
97,144,2,3666434.26
97,144,2,3805144.26
97,144,2,4025819.26
97,144,2,3782834.26
97,144,2,3785453.26
97,144,2,4006128.26
97,144,2,3763143.26
97,144,2,3901853.26
97,144,2,4122528.26
97,144,2,3879543.26
98,769.4,2,4471282.26
98,769.4,2,4694232.26
98,769.4,2,4448742.26
98,769.4,2,4588882.26
98,769.4,2,4811832.26
98,769.4,2,4566342.26
98,769.4,2,4568988.26
98,769.4,2,4791938.26
98,769.4,2,4546448.26
98,769.4,2,4686588.26
98,769.4,2,4909538.26
98,769.4,2,4664048.26
98,769.4,2,4842702.26
98,769.4,2,5065652.26
98,769.4,2,4820162.26
98,769.4,2,4960302.26
98,769.4,2,5183252.26
98,769.4,2,4937762.26
98,769.4,2,4940408.26
98,769.4,2,5163358.26
98,769.4,2,4917868.26
98,769.4,2,5058008.26
98,769.4,2,5280958.26
98,769.4,2,5035468.26
98,144,2,3726482.26
98,144,2,3949432.26
98,144,2,3703942.26
98,144,2,3844082.26
98,144,2,4067032.26
98,144,2,3821542.26
98,144,2,3824188.26
98,144,2,4047138.26
98,144,2,3801648.26
98,144,2,3941788.26
98,144,2,4164738.26
98,144,2,3919248.26
99,777.3,2,4516620.26
99,777.3,2,4741845.26
99,777.3,2,4493850.26
99,777.3,2,4635420.26
99,777.3,2,4860645.26
99,777.3,2,4612650.26
99,777.3,2,4615323.26
99,777.3,2,4840548.26
99,777.3,2,4592553.26
99,777.3,2,4734123.26
99,777.3,2,4959348.26
99,777.3,2,4711353.26
99,777.3,2,4891830.26
99,777.3,2,5117055.26
99,777.3,2,4869060.26
99,777.3,2,5010630.26
99,777.3,2,5235855.26
99,777.3,2,4987860.26
99,777.3,2,4990533.26
99,777.3,2,5215758.26
99,777.3,2,4967763.26
99,777.3,2,5109333.26
99,777.3,2,5334558.26
99,777.3,2,5086563.26
99,144,2,3764220.26
99,144,2,3989445.26
99,144,2,3741450.26
99,144,2,3883020.26
99,144,2,4108245.26
99,144,2,3860250.26
99,144,2,3862923.26
99,144,2,4088148.26
99,144,2,3840153.26
99,144,2,3981723.26
99,144,2,4206948.26
99,144,2,3958953.26
100,785.1,2,4561958.26
100,785.1,2,4789458.26
100,785.1,2,4538958.26
100,785.1,2,4681958.26
100,785.1,2,4909458.26
100,785.1,2,4658958.26
100,785.1,2,4661658.26
100,785.1,2,4889158.26
100,785.1,2,4638658.26
100,785.1,2,4781658.26
100,785.1,2,5009158.26
100,785.1,2,4758658.26
100,785.1,2,4940958.26
100,785.1,2,5168458.26
100,785.1,2,4917958.26
100,785.1,2,5060958.26
100,785.1,2,5288458.26
100,785.1,2,5037958.26
100,785.1,2,5040658.26
100,785.1,2,5268158.26
100,785.1,2,5017658.26
100,785.1,2,5160658.26
100,785.1,2,5388158.26
100,785.1,2,5137658.26
100,144,2,3801958.26
100,144,2,4029458.26
100,144,2,3778958.26
100,144,2,3921958.26
100,144,2,4149458.26
100,144,2,3898958.26
100,144,2,3901658.26
100,144,2,4129158.26
100,144,2,3878658.26
100,144,2,4021658.26
100,144,2,4249158.26
100,144,2,3998658.26
